joint,part,quantity,stat,C25,C,B1,B2,D0,D1,D2,D3,D4,D5,D6,D3K,dev_C_vs_C25_%,dev_B1_vs_C25_%,dev_B2_vs_C25_%,dev_D0_vs_C25_%,dev_D1_vs_C25_%,dev_D2_vs_C25_%,dev_D3_vs_C25_%,dev_D4_vs_C25_%,dev_D5_vs_C25_%,dev_D6_vs_C25_%,dev_D3K_vs_C25_%
J3,DWL_M14-1,MISES,max,442.45,442.45,447.209,426.264,521.618,495.077,468.911,462.97,454.154,448.962,447.209,435.136,0.0,1.1,-3.7,17.9,11.9,6.0,4.6,2.6,1.5,1.1,-1.7
J3,DWL_M14-1,MISES,mean,154.999,154.999,109.835,99.082,126.075,121.165,115.604,115.717,112.529,110.536,109.835,105.638,0.0,-29.1,-36.1,-18.7,-21.8,-25.4,-25.3,-27.4,-28.7,-29.1,-31.8
J3,DWL_M14-1,MISES,min,0.0,0.0,0.0,0.0,0.0,0.0,0.0,0.0,0.0,0.0,0.0,0.0,,,,,,,,,,,
J3,DWL_M14-1,MISES,n_values,128,128,128,128,128,128,128,128,128,128,128,128,,,,,,,,,,,
J3,DWL_M14-1,MISES,p95,341.326,341.326,301.214,263.408,334.844,327.683,316.683,323.968,311.888,304.043,301.214,291.237,0.0,-11.8,-22.8,-1.9,-4.0,-7.2,-5.1,-8.6,-10.9,-11.8,-14.7
J3,DWL_M14-1,S11,max,440.259,440.259,437.051,417.484,509.862,483.759,458.138,451.437,443.341,438.628,437.051,424.86,0.0,-0.7,-5.2,15.8,9.9,4.1,2.5,0.7,-0.4,-0.7,-3.5
J3,DWL_M14-1,S11,mean,5.277,5.277,13.369,13.375,16.018,14.835,13.874,13.589,13.442,13.382,13.369,13.225,0.0,153.4,153.5,203.6,181.1,162.9,157.5,154.7,153.6,153.4,150.6
J3,DWL_M14-1,S11,min,-420.458,-420.458,-412.026,-392.151,-478.832,-455.238,-431.794,-426.206,-418.271,-413.601,-412.026,-400.324,0.0,2.0,6.7,-13.9,-8.3,-2.7,-1.4,0.5,1.6,2.0,4.8
J3,DWL_M14-1,S11,n_values,128,128,128,128,128,128,128,128,128,128,128,128,,,,,,,,,,,
J3,DWL_M14-1,S11,p95,290.27,290.27,240.485,217.346,289.084,270.58,253.267,248.917,244.105,241.381,240.485,233.78,0.0,-17.2,-25.1,-0.4,-6.8,-12.7,-14.2,-15.9,-16.8,-17.2,-19.5
J3,DWL_M14-10,MISES,max,664.152,664.152,1070.66,1032.09,1242.48,1189.29,1129.41,1107.42,1087.02,1074.82,1070.66,1052.6,0.0,61.2,55.4,87.1,79.1,70.1,66.7,63.7,61.8,61.2,58.5
J3,DWL_M14-10,MISES,mean,265.594,265.594,182.39,175.907,210.096,201.516,191.769,189.463,185.571,183.207,182.39,180.528,-0.0,-31.3,-33.8,-20.9,-24.1,-27.8,-28.7,-30.1,-31.0,-31.3,-32.0
J3,DWL_M14-10,MISES,min,0.0,0.0,0.0,0.0,0.0,0.0,0.0,0.0,0.0,0.0,0.0,0.0,,,,,,,,,,,
J3,DWL_M14-10,MISES,n_values,128,128,128,128,128,128,128,128,128,128,128,128,,,,,,,,,,,
J3,DWL_M14-10,MISES,p95,519.936,519.936,466.651,451.708,533.649,512.496,489.161,480.318,472.689,468.179,466.651,459.515,0.0,-10.2,-13.1,2.6,-1.4,-5.9,-7.6,-9.1,-10.0,-10.2,-11.6
J3,DWL_M14-10,S11,max,563.182,563.182,999.694,963.745,1159.38,1110.05,1054.41,1034.22,1015.07,1003.61,999.694,983.069,0.0,77.5,71.1,105.9,97.1,87.2,83.6,80.2,78.2,77.5,74.6
J3,DWL_M14-10,S11,mean,-22.702,-22.702,-42.808,-41.347,-49.421,-47.316,-45.018,-44.046,-43.352,-42.945,-42.808,-42.009,-0.0,-88.6,-82.1,-117.7,-108.4,-98.3,-94.0,-91.0,-89.2,-88.6,-85.0
J3,DWL_M14-10,S11,min,-664.092,-664.092,-1066.07,-1027.79,-1236.82,-1183.96,-1124.47,-1102.46,-1082.26,-1070.19,-1066.07,-1048.01,0.0,-60.5,-54.8,-86.2,-78.3,-69.3,-66.0,-63.0,-61.2,-60.5,-57.8
J3,DWL_M14-10,S11,n_values,128,128,128,128,128,128,128,128,128,128,128,128,,,,,,,,,,,
J3,DWL_M14-10,S11,p95,404.495,404.495,319.934,308.623,367.48,352.835,336.076,332.754,325.72,321.425,319.934,317.219,0.0,-20.9,-23.7,-9.2,-12.8,-16.9,-17.7,-19.5,-20.5,-20.9,-21.6
J3,DWL_M14-11,MISES,max,466.351,466.351,458.026,446.223,507.783,491.695,473.952,471.714,464.211,459.626,458.026,456.63,0.0,-1.8,-4.3,8.9,5.4,1.6,1.1,-0.5,-1.4,-1.8,-2.1
J3,DWL_M14-11,MISES,mean,134.253,134.253,89.355,87.288,98.169,95.201,92.053,91.62,90.375,89.619,89.355,89.029,-0.0,-33.4,-35.0,-26.9,-29.1,-31.4,-31.8,-32.7,-33.2,-33.4,-33.7
J3,DWL_M14-11,MISES,min,0.0,0.0,0.0,0.0,0.0,0.0,0.0,0.0,0.0,0.0,0.0,0.0,,,,,,,,,,,
J3,DWL_M14-11,MISES,n_values,128,128,128,128,128,128,128,128,128,128,128,128,,,,,,,,,,,
J3,DWL_M14-11,MISES,p95,422.957,422.957,283.267,276.426,309.552,301.009,291.745,290.56,286.578,284.127,283.267,282.09,0.0,-33.0,-34.6,-26.8,-28.8,-31.0,-31.3,-32.2,-32.8,-33.0,-33.3
J3,DWL_M14-11,S11,max,458.642,458.642,447.572,436.087,495.867,480.259,463.063,460.668,453.484,449.1,447.572,446.009,0.0,-2.4,-4.9,8.1,4.7,1.0,0.4,-1.1,-2.1,-2.4,-2.8
J3,DWL_M14-11,S11,mean,-1.482,-1.482,-2.687,-2.726,-2.492,-2.537,-2.589,-2.754,-2.72,-2.696,-2.687,-2.832,0.0,-81.3,-84.0,-68.2,-71.2,-74.7,-85.8,-83.5,-81.9,-81.3,-91.1
J3,DWL_M14-11,S11,min,-463.953,-463.953,-451.862,-440.39,-499.957,-484.398,-467.241,-465.195,-457.89,-453.422,-451.862,-450.597,0.0,2.6,5.1,-7.8,-4.4,-0.7,-0.3,1.3,2.3,2.6,2.9
J3,DWL_M14-11,S11,n_values,128,128,128,128,128,128,128,128,128,128,128,128,,,,,,,,,,,
J3,DWL_M14-11,S11,p95,340.932,340.932,205.281,200.461,224.114,217.957,211.328,210.432,207.616,205.887,205.281,204.444,0.0,-39.8,-41.2,-34.3,-36.1,-38.0,-38.3,-39.1,-39.6,-39.8,-40.0
J3,DWL_M14-12,MISES,max,597.952,597.952,974.916,939.781,1138.37,1086.42,1029.22,1008.81,989.831,978.682,974.916,959.755,0.0,63.0,57.2,90.4,81.7,72.1,68.7,65.5,63.7,63.0,60.5
J3,DWL_M14-12,MISES,mean,252.082,252.082,172.125,166.876,195.725,188.026,179.737,177.083,174.334,172.69,172.125,170.036,0.0,-31.7,-33.8,-22.4,-25.4,-28.7,-29.8,-30.8,-31.5,-31.7,-32.5
J3,DWL_M14-12,MISES,min,0.0,0.0,0.0,0.0,0.0,0.0,0.0,0.0,0.0,0.0,0.0,0.0,,,,,,,,,,,
J3,DWL_M14-12,MISES,n_values,128,128,128,128,128,128,128,128,128,128,128,128,,,,,,,,,,,
J3,DWL_M14-12,MISES,p95,477.131,477.131,419.973,405.975,488.196,466.651,442.958,434.19,426.298,421.584,419.973,413.819,0.0,-12.0,-14.9,2.3,-2.2,-7.2,-9.0,-10.7,-11.6,-12.0,-13.3
J3,DWL_M14-12,S11,max,597.923,597.923,970.743,935.76,1133.76,1082.05,1025.11,1004.78,985.898,974.586,970.743,955.63,0.0,62.4,56.5,89.6,81.0,71.4,68.0,64.9,63.0,62.4,59.8
J3,DWL_M14-12,S11,mean,20.267,20.267,37.156,35.551,44.277,42.034,39.563,38.575,37.784,37.315,37.156,36.353,0.0,83.3,75.4,118.5,107.4,95.2,90.3,86.4,84.1,83.3,79.4
J3,DWL_M14-12,S11,min,-507.397,-507.397,-914.031,-881.614,-1064.17,-1016.51,-964.067,-945.605,-928.126,-917.638,-914.031,-900.124,0.0,-80.1,-73.8,-109.7,-100.3,-90.0,-86.4,-82.9,-80.9,-80.1,-77.4
J3,DWL_M14-12,S11,n_values,128,128,128,128,128,128,128,128,128,128,128,128,,,,,,,,,,,
J3,DWL_M14-12,S11,p95,466.083,466.083,397.04,388.745,441.508,424.687,408.846,405.513,400.827,398.016,397.04,394.929,0.0,-14.8,-16.6,-5.3,-8.9,-12.3,-13.0,-14.0,-14.6,-14.8,-15.3
J3,DWL_M14-2,MISES,max,413.365,413.365,432.701,378.358,529.89,505.962,473.477,460.128,445.615,436.156,432.701,409.491,0.0,4.7,-8.5,28.2,22.4,14.5,11.3,7.8,5.5,4.7,-0.9
J3,DWL_M14-2,MISES,mean,99.879,99.879,71.455,59.638,91.576,86.284,79.594,76.428,73.796,72.082,71.455,66.235,0.0,-28.5,-40.3,-8.3,-13.6,-20.3,-23.5,-26.1,-27.8,-28.5,-33.7
J3,DWL_M14-2,MISES,min,0.0,0.0,0.0,0.0,0.0,0.0,0.0,0.0,0.0,0.0,0.0,0.0,,,,,,,,,,,
J3,DWL_M14-2,MISES,n_values,128,128,128,128,128,128,128,128,128,128,128,128,,,,,,,,,,,
J3,DWL_M14-2,MISES,p95,336.29,336.29,260.307,210.879,311.472,299.335,282.629,276.293,268.034,262.424,260.307,238.66,0.0,-22.6,-37.3,-7.4,-11.0,-16.0,-17.8,-20.3,-22.0,-22.6,-29.0
J3,DWL_M14-2,S11,max,411.169,411.169,424.163,370.573,518.292,495.02,463.566,450.788,436.703,427.519,424.163,401.392,0.0,3.2,-9.9,26.1,20.4,12.7,9.6,6.2,4.0,3.2,-2.4
J3,DWL_M14-2,S11,mean,0.631,0.631,2.275,2.068,2.39,2.738,2.774,2.701,2.47,2.323,2.275,2.116,-0.0,260.5,227.7,278.8,333.8,339.5,328.0,291.3,268.2,260.5,235.3
J3,DWL_M14-2,S11,min,-408.833,-408.833,-418.569,-365.739,-512.047,-488.148,-456.766,-444.229,-430.671,-421.816,-418.569,-396.22,0.0,-2.4,10.5,-25.2,-19.4,-11.7,-8.7,-5.3,-3.2,-2.4,3.1
J3,DWL_M14-2,S11,n_values,128,128,128,128,128,128,128,128,128,128,128,128,,,,,,,,,,,
J3,DWL_M14-2,S11,p95,263.236,263.236,174.953,147.149,207.984,201.793,191.224,186.658,180.577,176.478,174.953,162.88,0.0,-33.5,-44.1,-21.0,-23.3,-27.4,-29.1,-31.4,-33.0,-33.5,-38.1
J3,DWL_M14-3,MISES,max,448.261,448.261,371.588,346.125,559.367,498.707,433.57,396.222,381.865,374.048,371.588,353.466,0.0,-17.1,-22.8,24.8,11.3,-3.3,-11.6,-14.8,-16.6,-17.1,-21.1
J3,DWL_M14-3,MISES,mean,141.461,141.461,99.889,89.348,147.234,130.702,114.108,105.712,102.373,100.507,99.889,94.883,-0.0,-29.4,-36.8,4.1,-7.6,-19.3,-25.3,-27.6,-29.0,-29.4,-32.9
J3,DWL_M14-3,MISES,min,0.0,0.0,0.0,0.0,0.0,0.0,0.0,0.0,0.0,0.0,0.0,0.0,,,,,,,,,,,
J3,DWL_M14-3,MISES,n_values,128,128,128,128,128,128,128,128,128,128,128,128,,,,,,,,,,,
J3,DWL_M14-3,MISES,p95,340.971,340.971,309.816,275.048,460.898,405.161,351.536,326.898,317.152,311.679,309.816,298.686,0.0,-9.1,-19.3,35.2,18.8,3.1,-4.1,-7.0,-8.6,-9.1,-12.4
J3,DWL_M14-3,S11,max,430.677,430.677,342.838,320.027,508.108,454.927,397.587,364.722,351.984,345.031,342.838,326.604,0.0,-20.4,-25.7,18.0,5.6,-7.7,-15.3,-18.3,-19.9,-20.4,-24.2
J3,DWL_M14-3,S11,mean,-4.127,-4.127,-9.529,-9.258,-15.634,-13.567,-11.446,-10.193,-9.783,-9.584,-9.529,-9.096,-0.0,-130.9,-124.3,-278.8,-228.7,-177.3,-147.0,-137.0,-132.2,-130.9,-120.4
J3,DWL_M14-3,S11,min,-446.215,-446.215,-359.72,-336.578,-534.938,-478.789,-418.039,-382.928,-369.389,-362.029,-359.72,-342.433,0.0,19.4,24.6,-19.9,-7.3,6.3,14.2,17.2,18.9,19.4,23.3
J3,DWL_M14-3,S11,n_values,128,128,128,128,128,128,128,128,128,128,128,128,,,,,,,,,,,
J3,DWL_M14-3,S11,p95,250.686,250.686,186.081,165.693,259.872,230.003,203.289,193.092,189.093,186.866,186.081,181.348,0.0,-25.8,-33.9,3.7,-8.3,-18.9,-23.0,-24.6,-25.5,-25.8,-27.7
J3,DWL_M14-4,MISES,max,284.426,284.426,506.499,474.726,603.153,569.281,535.264,526.785,515.429,508.754,506.499,490.313,0.0,78.1,66.9,112.1,100.2,88.2,85.2,81.2,78.9,78.1,72.4
J3,DWL_M14-4,MISES,mean,104.413,104.413,76.962,70.833,90.59,85.86,81.199,80.297,78.446,77.339,76.962,74.139,0.0,-26.3,-32.2,-13.2,-17.8,-22.2,-23.1,-24.9,-25.9,-26.3,-29.0
J3,DWL_M14-4,MISES,min,0.0,0.0,0.0,0.0,0.0,0.0,0.0,0.0,0.0,0.0,0.0,0.0,,,,,,,,,,,
J3,DWL_M14-4,MISES,n_values,128,128,128,128,128,128,128,128,128,128,128,128,,,,,,,,,,,
J3,DWL_M14-4,MISES,p95,262.69,262.69,209.823,196.816,249.291,235.599,221.742,218.145,213.498,210.754,209.823,203.284,0.0,-20.1,-25.1,-5.1,-10.3,-15.6,-17.0,-18.7,-19.8,-20.1,-22.6
J3,DWL_M14-4,S11,max,269.402,269.402,451.006,422.583,539.614,508.187,476.933,469.095,458.955,453.012,451.006,436.503,0.0,67.4,56.9,100.3,88.6,77.0,74.1,70.4,68.2,67.4,62.0
J3,DWL_M14-4,S11,mean,-5.734,-5.734,-22.786,-21.602,-25.981,-25.006,-23.911,-23.538,-23.122,-22.872,-22.786,-22.094,0.0,-297.4,-276.8,-353.1,-336.1,-317.0,-310.5,-303.3,-298.9,-297.4,-285.3
J3,DWL_M14-4,S11,min,-281.914,-281.914,-501.519,-470.62,-597.012,-563.565,-529.983,-521.068,-510.103,-503.682,-501.519,-485.276,0.0,-77.9,-66.9,-111.8,-99.9,-88.0,-84.8,-80.9,-78.7,-77.9,-72.1
J3,DWL_M14-4,S11,n_values,128,128,128,128,128,128,128,128,128,128,128,128,,,,,,,,,,,
J3,DWL_M14-4,S11,p95,217.657,217.657,117.045,110.768,138.271,131.565,124.244,121.112,118.834,117.495,117.045,112.83,0.0,-46.2,-49.1,-36.5,-39.6,-42.9,-44.4,-45.4,-46.0,-46.2,-48.2
J3,DWL_M14-5,MISES,max,194.934,194.934,71.963,65.552,147.839,123.855,97.533,79.924,75.286,72.763,71.963,67.716,0.0,-63.1,-66.4,-24.2,-36.5,-50.0,-59.0,-61.4,-62.7,-63.1,-65.3
J3,DWL_M14-5,MISES,mean,51.499,51.499,25.705,21.9,34.46,31.639,28.668,27.193,26.393,25.888,25.705,24.034,0.0,-50.1,-57.5,-33.1,-38.6,-44.3,-47.2,-48.8,-49.7,-50.1,-53.3
J3,DWL_M14-5,MISES,min,0.0,0.0,0.0,0.0,0.0,0.0,0.0,0.0,0.0,0.0,0.0,0.0,,,,,,,,,,,
J3,DWL_M14-5,MISES,n_values,128,128,128,128,128,128,128,128,128,128,128,128,,,,,,,,,,,
J3,DWL_M14-5,MISES,p95,185.022,185.022,55.246,47.591,99.166,80.042,64.054,59.142,56.949,55.677,55.246,52.36,0.0,-70.1,-74.3,-46.4,-56.7,-65.4,-68.0,-69.2,-69.9,-70.1,-71.7
J3,DWL_M14-5,S11,max,193.007,193.007,54.185,42.321,120.161,96.99,70.639,52.062,53.59,54.113,54.185,49.342,0.0,-71.9,-78.1,-37.7,-49.7,-63.4,-73.0,-72.2,-72.0,-71.9,-74.4
J3,DWL_M14-5,S11,mean,-0.604,-0.604,-2.148,-2.711,-1.924,-1.778,-1.794,-1.973,-2.074,-2.131,-2.148,-2.649,0.0,-255.5,-348.7,-218.4,-194.3,-197.0,-226.5,-243.3,-252.8,-255.5,-338.5
J3,DWL_M14-5,S11,min,-194.925,-194.925,-59.104,-48.535,-124.118,-100.637,-74.362,-56.579,-58.342,-58.995,-59.104,-55.425,0.0,69.7,75.1,36.3,48.4,61.9,71.0,70.1,69.7,69.7,71.6
J3,DWL_M14-5,S11,n_values,128,128,128,128,128,128,128,128,128,128,128,128,,,,,,,,,,,
J3,DWL_M14-5,S11,p95,135.802,135.802,32.408,24.731,29.91,32.822,27.707,31.347,32.143,32.387,32.408,29.09,0.0,-76.1,-81.8,-78.0,-75.8,-79.6,-76.9,-76.3,-76.2,-76.1,-78.6
J3,DWL_M14-6,MISES,max,220.66,220.66,427.801,390.102,661.087,584.798,503.844,458.378,440.643,430.906,427.801,403.501,0.0,93.9,76.8,199.6,165.0,128.3,107.7,99.7,95.3,93.9,82.9
J3,DWL_M14-6,MISES,mean,89.008,89.008,65.799,59.208,106.502,92.388,77.935,70.276,67.634,66.243,65.799,62.195,0.0,-26.1,-33.5,19.7,3.8,-12.4,-21.0,-24.0,-25.6,-26.1,-30.1
J3,DWL_M14-6,MISES,min,0.0,0.0,0.0,0.0,0.0,0.0,0.0,0.0,0.0,0.0,0.0,0.0,,,,,,,,,,,
J3,DWL_M14-6,MISES,n_values,128,128,128,128,128,128,128,128,128,128,128,128,,,,,,,,,,,
J3,DWL_M14-6,MISES,p95,202.121,202.121,172.719,157.736,272.669,231.486,201.136,184.432,177.665,173.922,172.719,163.318,0.0,-14.5,-22.0,34.9,14.5,-0.5,-8.8,-12.1,-14.0,-14.5,-19.2
J3,DWL_M14-6,S11,max,216.966,216.966,420.636,385.135,643.183,570.524,493.306,449.889,432.92,423.604,420.636,397.4,0.0,93.9,77.5,196.4,163.0,127.4,107.4,99.5,95.2,93.9,83.2
J3,DWL_M14-6,S11,mean,4.642,4.642,19.101,17.988,24.939,23.026,20.989,19.934,19.458,19.189,19.101,18.41,0.0,311.5,287.6,437.3,396.1,352.2,329.5,319.2,313.4,311.5,296.6
J3,DWL_M14-6,S11,min,-201.816,-201.816,-379.297,-345.207,-592.901,-523.442,-449.408,-407.364,-391.074,-382.139,-379.297,-356.91,0.0,-87.9,-71.1,-193.8,-159.4,-122.7,-101.8,-93.8,-89.4,-87.9,-76.8
J3,DWL_M14-6,S11,n_values,128,128,128,128,128,128,128,128,128,128,128,128,,,,,,,,,,,
J3,DWL_M14-6,S11,p95,183.535,183.535,133.444,120.315,226.176,186.794,158.429,143.403,137.591,134.44,133.444,125.807,0.0,-27.3,-34.4,23.2,1.8,-13.7,-21.9,-25.0,-26.7,-27.3,-31.5
J3,DWL_M14-7,MISES,max,628.621,628.621,990.071,954.91,1145.16,1096.92,1042.81,1023.77,1005.07,993.893,990.071,974.406,0.0,57.5,51.9,82.2,74.5,65.9,62.9,59.9,58.1,57.5,55.0
J3,DWL_M14-7,MISES,mean,203.693,203.693,147.488,142.416,170.471,163.191,155.144,152.464,149.701,148.051,147.488,145.384,-0.0,-27.6,-30.1,-16.3,-19.9,-23.8,-25.1,-26.5,-27.3,-27.6,-28.6
J3,DWL_M14-7,MISES,min,0.0,0.0,0.0,0.0,0.0,0.0,0.0,0.0,0.0,0.0,0.0,0.0,,,,,,,,,,,
J3,DWL_M14-7,MISES,n_values,128,128,128,128,128,128,128,128,128,128,128,128,,,,,,,,,,,
J3,DWL_M14-7,MISES,p95,518.591,518.591,441.906,427.989,503.654,484.151,462.611,454.976,447.7,443.377,441.906,435.746,0.0,-14.8,-17.5,-2.9,-6.6,-10.8,-12.3,-13.7,-14.5,-14.8,-16.0
J3,DWL_M14-7,S11,max,626.622,626.622,987.495,952.52,1141.75,1093.78,1039.96,1020.99,1002.41,991.293,987.495,971.886,0.0,57.6,52.0,82.2,74.6,66.0,62.9,60.0,58.2,57.6,55.1
J3,DWL_M14-7,S11,mean,6.599,6.599,39.177,37.843,45.16,43.324,41.229,40.518,39.774,39.329,39.177,38.623,-0.0,493.6,473.4,584.3,556.5,524.7,514.0,502.7,495.9,493.6,485.2
J3,DWL_M14-7,S11,min,-617.935,-617.935,-893.175,-861.189,-1034.39,-990.463,-941.201,-923.722,-906.772,-896.638,-893.175,-878.787,0.0,-44.5,-39.4,-67.4,-60.3,-52.3,-49.5,-46.7,-45.1,-44.5,-42.2
J3,DWL_M14-7,S11,n_values,128,128,128,128,128,128,128,128,128,128,128,128,,,,,,,,,,,
J3,DWL_M14-7,S11,p95,487.228,487.228,377.601,366.16,428.002,411.99,394.42,388.23,382.311,378.796,377.601,372.563,0.0,-22.5,-24.8,-12.2,-15.4,-19.0,-20.3,-21.5,-22.3,-22.5,-23.5
J3,DWL_M14-8,MISES,max,187.017,187.017,97.71,100.468,88.663,85.759,91.56,94.887,96.486,97.407,97.71,100.079,0.0,-47.8,-46.3,-52.6,-54.1,-51.0,-49.3,-48.4,-47.9,-47.8,-46.5
J3,DWL_M14-8,MISES,mean,63.68,63.68,34.021,34.192,34.027,33.651,33.586,33.966,33.991,34.014,34.021,34.4,0.0,-46.6,-46.3,-46.6,-47.2,-47.3,-46.7,-46.6,-46.6,-46.6,-46.0
J3,DWL_M14-8,MISES,min,0.0,0.0,0.0,0.0,0.0,0.0,0.0,0.0,0.0,0.0,0.0,0.0,,,,,,,,,,,
J3,DWL_M14-8,MISES,n_values,128,128,128,128,128,128,128,128,128,128,128,128,,,,,,,,,,,
J3,DWL_M14-8,MISES,p95,160.071,160.071,78.311,79.244,79.778,77.504,76.331,77.612,78.01,78.228,78.311,79.045,0.0,-51.1,-50.5,-50.2,-51.6,-52.3,-51.5,-51.3,-51.1,-51.1,-50.6
J3,DWL_M14-8,S11,max,183.859,183.859,95.945,98.981,77.462,82.795,89.261,92.802,94.582,95.608,95.945,98.454,0.0,-47.8,-46.2,-57.9,-55.0,-51.5,-49.5,-48.6,-48.0,-47.8,-46.5
J3,DWL_M14-8,S11,mean,0.539,0.539,3.669,3.981,2.473,2.731,3.135,3.275,3.491,3.624,3.669,3.797,0.0,580.4,638.1,358.6,406.4,481.2,507.3,547.4,572.0,580.4,604.0
J3,DWL_M14-8,S11,min,-181.685,-181.685,-87.262,-89.592,-71.538,-76.273,-81.806,-85.029,-86.31,-87.03,-87.262,-89.491,0.0,52.0,50.7,60.6,58.0,55.0,53.2,52.5,52.1,52.0,50.7
J3,DWL_M14-8,S11,n_values,128,128,128,128,128,128,128,128,128,128,128,128,,,,,,,,,,,
J3,DWL_M14-8,S11,p95,138.608,138.608,67.252,70.847,50.986,54.008,59.994,63.641,65.677,66.86,67.252,69.917,0.0,-51.5,-48.9,-63.2,-61.0,-56.7,-54.1,-52.6,-51.8,-51.5,-49.6
J3,DWL_M14-9,MISES,max,542.454,542.454,908.972,875.653,1057.47,1010.01,958.124,939.348,922.471,912.413,908.972,893.708,0.0,67.6,61.4,94.9,86.2,76.6,73.2,70.1,68.2,67.6,64.8
J3,DWL_M14-9,MISES,mean,189.448,189.448,137.214,133.072,156.532,150.037,143.296,141.041,138.909,137.645,137.214,135.44,0.0,-27.6,-29.8,-17.4,-20.8,-24.4,-25.6,-26.7,-27.3,-27.6,-28.5
J3,DWL_M14-9,MISES,min,0.0,0.0,0.0,0.0,0.0,0.0,0.0,0.0,0.0,0.0,0.0,0.0,,,,,,,,,,,
J3,DWL_M14-9,MISES,n_values,128,128,128,128,128,128,128,128,128,128,128,128,,,,,,,,,,,
J3,DWL_M14-9,MISES,p95,449.451,449.451,412.415,397.829,474.955,455.087,433.375,425.436,418.209,413.892,412.415,405.7,0.0,-8.2,-11.5,5.7,1.3,-3.6,-5.3,-7.0,-7.9,-8.2,-9.7
J3,DWL_M14-9,S11,max,533.811,533.811,818.4,787.995,953.898,910.637,863.304,846.121,830.72,821.54,818.4,804.411,0.0,53.3,47.6,78.7,70.6,61.7,58.5,55.6,53.9,53.3,50.7
J3,DWL_M14-9,S11,mean,-5.2,-5.2,-35.372,-34.208,-40.841,-39.073,-37.147,-36.468,-35.857,-35.496,-35.372,-34.873,0.0,-580.2,-557.8,-685.4,-651.4,-614.4,-601.3,-589.5,-582.6,-580.2,-570.6
J3,DWL_M14-9,S11,min,-540.434,-540.434,-906.759,-873.642,-1054.33,-1007.15,-955.594,-936.932,-920.168,-910.177,-906.759,-891.59,0.0,-67.8,-61.7,-95.1,-86.4,-76.8,-73.4,-70.3,-68.4,-67.8,-65.0
J3,DWL_M14-9,S11,n_values,128,128,128,128,128,128,128,128,128,128,128,128,,,,,,,,,,,
J3,DWL_M14-9,S11,p95,424.927,424.927,269.663,260.261,307.825,295.805,282.686,277.807,273.299,270.591,269.663,265.234,0.0,-36.5,-38.8,-27.6,-30.4,-33.5,-34.6,-35.7,-36.3,-36.5,-37.6
J3,DWL_M16-13,MISES,max,695.635,695.635,710.154,724.535,666.229,672.948,689.536,699.424,705.501,709.01,710.154,715.555,0.0,2.1,4.2,-4.2,-3.3,-0.9,0.5,1.4,1.9,2.1,2.9
J3,DWL_M16-13,MISES,mean,136.394,136.394,139.893,134.725,145.716,142.121,140.018,139.588,139.682,139.832,139.893,138.485,-0.0,2.6,-1.2,6.8,4.2,2.7,2.3,2.4,2.5,2.6,1.5
J3,DWL_M16-13,MISES,min,0.0,0.0,0.0,0.0,0.0,0.0,0.0,0.0,0.0,0.0,0.0,0.0,0.0,2.6,-4.1,17.2,11.5,6.0,3.7,2.9,2.7,2.6,1.2
J3,DWL_M16-13,MISES,n_values,120,120,120,120,120,120,120,120,120,120,120,120,,,,,,,,,,,
J3,DWL_M16-13,MISES,p95,460.522,460.522,470.394,476.242,444.602,446.283,456.173,462.983,467.241,469.638,470.394,473.208,0.0,2.1,3.4,-3.5,-3.1,-0.9,0.5,1.5,2.0,2.1,2.8
J3,DWL_M16-13,S11,max,693.649,693.649,708.083,722.951,662.75,669.929,687.037,697.167,703.359,706.924,708.083,713.612,0.0,2.1,4.2,-4.5,-3.4,-1.0,0.5,1.4,1.9,2.1,2.9
J3,DWL_M16-13,S11,mean,2.241,2.241,2.334,2.452,1.513,1.868,2.233,2.336,2.35,2.34,2.334,2.249,0.0,4.1,9.4,-32.5,-16.6,-0.4,4.2,4.9,4.4,4.1,0.4
J3,DWL_M16-13,S11,min,-681.238,-681.238,-695.255,-709.5,-653.213,-659.055,-674.71,-684.398,-690.502,-694.08,-695.255,-701.022,0.0,-2.1,-4.1,4.1,3.3,1.0,-0.5,-1.4,-1.9,-2.1,-2.9
J3,DWL_M16-13,S11,n_values,120,120,120,120,120,120,120,120,120,120,120,120,,,,,,,,,,,
J3,DWL_M16-13,S11,p95,329.264,329.264,338.512,337.54,381.398,364.514,348.438,341.929,339.539,338.692,338.512,336.421,0.0,2.8,2.5,15.8,10.7,5.8,3.8,3.1,2.9,2.8,2.2
J3,DWL_M16-14,MISES,max,534.42,534.42,547.807,539.67,543.434,540.865,543.647,545.537,546.86,547.584,547.807,545.229,0.0,2.5,1.0,1.7,1.2,1.7,2.1,2.3,2.5,2.5,2.0
J3,DWL_M16-14,MISES,mean,92.712,92.712,94.92,93.661,94.612,93.632,93.819,94.225,94.596,94.838,94.92,94.654,-0.0,2.4,1.0,2.0,1.0,1.2,1.6,2.0,2.3,2.4,2.1
J3,DWL_M16-14,MISES,min,0.0,0.0,0.0,0.0,0.0,0.0,0.0,0.0,0.0,0.0,0.0,0.0,-0.0,-2.6,21.3,-22.0,-25.2,-20.9,-14.1,-8.3,-4.1,-2.6,9.6
J3,DWL_M16-14,MISES,n_values,120,120,120,120,120,120,120,120,120,120,120,120,,,,,,,,,,,
J3,DWL_M16-14,MISES,p95,424.723,424.723,435.187,429.596,429.997,427.792,430.559,432.68,434.136,434.94,435.187,433.637,0.0,2.5,1.1,1.2,0.7,1.4,1.9,2.2,2.4,2.5,2.1
J3,DWL_M16-14,S11,max,533.554,533.554,546.911,538.89,542.279,539.794,542.672,544.607,545.951,546.686,546.911,544.365,0.0,2.5,1.0,1.6,1.2,1.7,2.1,2.3,2.5,2.5,2.0
J3,DWL_M16-14,S11,mean,0.165,0.165,0.195,0.066,0.31,0.336,0.31,0.264,0.227,0.204,0.195,0.12,0.0,18.8,-59.8,88.6,104.3,88.3,60.3,38.2,23.7,18.8,-27.1
J3,DWL_M16-14,S11,min,-532.942,-532.942,-546.196,-538.632,-541.041,-538.512,-541.529,-543.645,-545.123,-545.942,-546.196,-543.902,0.0,-2.5,-1.1,-1.5,-1.0,-1.6,-2.0,-2.3,-2.4,-2.5,-2.1
J3,DWL_M16-14,S11,n_values,120,120,120,120,120,120,120,120,120,120,120,120,,,,,,,,,,,
J3,DWL_M16-14,S11,p95,329.755,329.755,337.861,333.439,334.239,332.378,334.365,335.942,337.049,337.669,337.861,336.672,0.0,2.5,1.1,1.4,0.8,1.4,1.9,2.2,2.4,2.5,2.1
J3,DWL_M16-15,MISES,max,812.404,812.404,833.088,816.717,834.88,829.807,830.98,831.723,832.504,832.947,833.088,827.751,0.0,2.5,0.5,2.8,2.1,2.3,2.4,2.5,2.5,2.5,1.9
J3,DWL_M16-15,MISES,mean,152.843,152.843,157.352,149.6,165.208,162.563,160.215,158.777,157.981,157.509,157.352,154.617,0.0,2.9,-2.1,8.1,6.4,4.8,3.9,3.4,3.1,2.9,1.2
J3,DWL_M16-15,MISES,min,0.0,0.0,0.0,0.0,0.0,0.0,0.0,0.0,0.0,0.0,0.0,0.0,0.0,4.0,-8.3,20.1,16.2,11.0,7.6,5.6,4.4,4.0,-0.6
J3,DWL_M16-15,MISES,n_values,120,120,120,120,120,120,120,120,120,120,120,120,,,,,,,,,,,
J3,DWL_M16-15,MISES,p95,595.258,595.258,610.324,599.381,609.262,605.736,607.396,608.62,609.606,610.155,610.324,606.756,0.0,2.5,0.7,2.4,1.8,2.0,2.2,2.4,2.5,2.5,1.9
J3,DWL_M16-15,S11,max,774.931,774.931,794.683,779.198,795.999,791.492,792.782,793.47,794.169,794.56,794.683,789.549,0.0,2.5,0.6,2.7,2.1,2.3,2.4,2.5,2.5,2.5,1.9
J3,DWL_M16-15,S11,mean,-7.483,-7.483,-7.651,-7.611,-7.515,-7.449,-7.504,-7.567,-7.614,-7.642,-7.651,-7.664,0.0,-2.3,-1.7,-0.4,0.5,-0.3,-1.1,-1.8,-2.1,-2.3,-2.4
J3,DWL_M16-15,S11,min,-809.222,-809.222,-829.783,-813.844,-830.858,-825.982,-827.403,-828.287,-829.143,-829.629,-829.783,-824.597,0.0,-2.5,-0.6,-2.7,-2.1,-2.2,-2.4,-2.5,-2.5,-2.5,-1.9
J3,DWL_M16-15,S11,n_values,120,120,120,120,120,120,120,120,120,120,120,120,,,,,,,,,,,
J3,DWL_M16-15,S11,p95,459.552,459.552,471.165,462.316,471.22,468.066,469.059,469.908,470.633,471.04,471.165,468.408,0.0,2.5,0.6,2.5,1.9,2.1,2.3,2.4,2.5,2.5,1.9
J3,DWL_M16-16,MISES,max,257.74,257.74,271.424,240.556,285.388,288.981,287.696,282.216,276.973,272.956,271.424,248.812,0.0,5.3,-6.7,10.7,12.1,11.6,9.5,7.5,5.9,5.3,-3.5
J3,DWL_M16-16,MISES,mean,72.489,72.489,75.157,70.042,72.821,73.961,75.451,75.69,75.532,75.278,75.157,72.159,-0.0,3.7,-3.4,0.5,2.0,4.1,4.4,4.2,3.8,3.7,-0.5
J3,DWL_M16-16,MISES,min,0.0,0.0,0.0,0.0,0.0,0.0,0.0,0.0,0.0,0.0,0.0,0.0,0.0,5.4,-11.4,-26.8,-19.7,-6.8,1.8,7.2,6.0,5.4,-3.4
J3,DWL_M16-16,MISES,n_values,120,120,120,120,120,120,120,120,120,120,120,120,,,,,,,,,,,
J3,DWL_M16-16,MISES,p95,213.612,213.612,225.386,225.183,241.603,241.625,239.453,234.537,230.067,226.68,225.386,214.686,0.0,5.5,5.4,13.1,13.1,12.1,9.8,7.7,6.1,5.5,0.5
J3,DWL_M16-16,S11,max,249.56,249.56,262.966,232.55,277.353,280.567,279.108,273.628,268.439,264.477,262.966,240.54,0.0,5.4,-6.8,11.1,12.4,11.8,9.6,7.6,6.0,5.4,-3.6
J3,DWL_M16-16,S11,mean,0.729,0.729,0.754,0.906,0.203,0.401,0.636,0.722,0.748,0.754,0.754,0.748,0.0,3.4,24.2,-72.1,-45.0,-12.9,-1.1,2.5,3.4,3.4,2.5
J3,DWL_M16-16,S11,min,-246.551,-246.551,-259.893,-228.686,-276.481,-278.976,-276.602,-270.751,-265.426,-261.415,-259.893,-237.395,0.0,-5.4,7.2,-12.1,-13.2,-12.2,-9.8,-7.7,-6.0,-5.4,3.7
J3,DWL_M16-16,S11,n_values,120,120,120,120,120,120,120,120,120,120,120,120,,,,,,,,,,,
J3,DWL_M16-16,S11,p95,201.539,201.539,212.519,183.745,224.459,226.754,225.425,221.035,216.898,213.732,212.519,202.83,0.0,5.4,-8.8,11.4,12.5,11.9,9.7,7.6,6.0,5.4,0.6
J3,DWL_M16-17,MISES,max,131.833,131.833,132.097,151.73,99.845,105.815,116.908,124.079,128.517,131.201,132.097,140.151,0.0,0.2,15.1,-24.3,-19.7,-11.3,-5.9,-2.5,-0.5,0.2,6.3
J3,DWL_M16-17,MISES,mean,31.707,31.707,32.496,32.564,29.463,30.155,31.374,31.999,32.311,32.456,32.496,32.276,0.0,2.5,2.7,-7.1,-4.9,-1.1,0.9,1.9,2.4,2.5,1.8
J3,DWL_M16-17,MISES,min,0.0,0.0,0.0,0.0,0.0,0.0,0.0,0.0,0.0,0.0,0.0,0.0,0.0,9.4,-32.0,30.2,31.3,27.0,20.5,15.0,10.9,9.4,-12.3
J3,DWL_M16-17,MISES,n_values,120,120,120,120,120,120,120,120,120,120,120,120,,,,,,,,,,,
J3,DWL_M16-17,MISES,p95,111.669,111.669,112.139,126.91,86.599,91.057,99.902,105.729,109.317,111.436,112.139,118.257,0.0,0.4,13.6,-22.5,-18.5,-10.5,-5.3,-2.1,-0.2,0.4,5.9
J3,DWL_M16-17,S11,max,130.054,130.054,130.259,150.092,97.099,103.291,114.734,122.121,126.662,129.359,130.259,138.367,0.0,0.2,15.4,-25.3,-20.6,-11.8,-6.1,-2.6,-0.5,0.2,6.4
J3,DWL_M16-17,S11,mean,0.045,0.045,0.066,-0.021,0.134,0.152,0.138,0.11,0.087,0.071,0.066,0.012,0.0,46.8,-145.9,197.8,238.0,207.4,144.4,93.1,58.8,46.8,-73.1
J3,DWL_M16-17,S11,min,-130.244,-130.244,-130.373,-150.575,-96.844,-102.997,-114.532,-122.049,-126.688,-129.451,-130.373,-138.699,0.0,-0.1,-15.6,25.6,20.9,12.1,6.3,2.7,0.6,-0.1,-6.5
J3,DWL_M16-17,S11,n_values,120,120,120,120,120,120,120,120,120,120,120,120,,,,,,,,,,,
J3,DWL_M16-17,S11,p95,86.12,86.12,86.492,97.734,67.133,70.5,77.2,81.617,84.342,85.956,86.492,91.184,0.0,0.4,13.5,-22.0,-18.1,-10.4,-5.2,-2.1,-0.2,0.4,5.9
J3,DWL_M16-18,MISES,max,197.713,197.713,200.045,216.893,187.964,183.854,185.736,192.543,196.731,199.217,200.045,206.788,0.0,1.2,9.7,-4.9,-7.0,-6.1,-2.6,-0.5,0.8,1.2,4.6
J3,DWL_M16-18,MISES,mean,58.842,58.842,60.113,60.435,58.791,58.604,59.122,59.541,59.85,60.045,60.113,60.451,-0.0,2.2,2.7,-0.1,-0.4,0.5,1.2,1.7,2.0,2.2,2.7
J3,DWL_M16-18,MISES,min,0.0,0.0,0.0,0.0,0.0,0.0,0.0,0.0,0.0,0.0,0.0,0.0,0.0,2.9,-2.1,10.4,7.9,5.4,4.0,3.3,3.0,2.9,1.5
J3,DWL_M16-18,MISES,n_values,120,120,120,120,120,120,120,120,120,120,120,120,,,,,,,,,,,
J3,DWL_M16-18,MISES,p95,163.096,163.096,166.546,169.086,161.139,166.525,170.719,168.545,167.356,166.734,166.546,170.191,0.0,2.1,3.7,-1.2,2.1,4.7,3.3,2.6,2.2,2.1,4.4
J3,DWL_M16-18,S11,max,182.749,182.749,184.746,201.613,173.297,169.037,170.636,177.375,181.494,183.933,184.746,191.456,0.0,1.1,10.3,-5.2,-7.5,-6.6,-2.9,-0.7,0.6,1.1,4.8
J3,DWL_M16-18,S11,mean,-2.245,-2.245,-2.26,-2.495,-1.846,-1.904,-2.045,-2.145,-2.209,-2.248,-2.26,-2.367,0.0,-0.7,-11.1,17.8,15.2,8.9,4.5,1.6,-0.1,-0.7,-5.4
J3,DWL_M16-18,S11,min,-193.207,-193.207,-195.302,-213.086,-182.165,-178.137,-180.313,-187.463,-191.843,-194.438,-195.302,-202.427,0.0,-1.1,-10.3,5.7,7.8,6.7,3.0,0.7,-0.6,-1.1,-4.8
J3,DWL_M16-18,S11,n_values,120,120,120,120,120,120,120,120,120,120,120,120,,,,,,,,,,,
J3,DWL_M16-18,S11,p95,131.976,131.976,135.514,143.568,141.712,138.127,138.022,136.565,135.909,135.599,135.514,137.584,0.0,2.7,8.8,7.4,4.7,4.6,3.5,3.0,2.7,2.7,4.2
J3,DWL_M16-19,MISES,max,255.538,255.538,269.424,226.167,282.205,286.222,285.491,280.205,275.008,270.975,269.424,246.353,0.0,5.4,-11.5,10.4,12.0,11.7,9.7,7.6,6.0,5.4,-3.6
J3,DWL_M16-19,MISES,mean,69.677,69.677,72.448,66.992,70.243,71.457,72.947,73.123,72.901,72.592,72.448,69.199,0.0,4.0,-3.9,0.8,2.6,4.7,4.9,4.6,4.2,4.0,-0.7
J3,DWL_M16-19,MISES,min,0.0,0.0,0.0,0.0,0.0,0.0,0.0,0.0,0.0,0.0,0.0,0.0,0.0,2.0,-11.5,-34.8,-27.9,-15.3,-7.2,-2.1,1.0,2.0,-3.5
J3,DWL_M16-19,MISES,n_values,120,120,120,120,120,120,120,120,120,120,120,120,,,,,,,,,,,
J3,DWL_M16-19,MISES,p95,213.545,213.545,225.457,215.758,240.174,240.815,239.138,234.469,230.105,226.75,225.457,204.746,0.0,5.6,1.0,12.5,12.8,12.0,9.8,7.8,6.2,5.6,-4.1
J3,DWL_M16-19,S11,max,244.349,244.349,257.885,214.113,273.236,276.246,274.375,268.727,263.452,259.425,257.885,234.926,0.0,5.5,-12.4,11.8,13.1,12.3,10.0,7.8,6.2,5.5,-3.9
J3,DWL_M16-19,S11,mean,-0.632,-0.632,-0.656,-0.795,-0.157,-0.34,-0.554,-0.63,-0.652,-0.656,-0.656,-0.647,0.0,-3.8,-25.9,75.2,46.2,12.4,0.3,-3.2,-3.8,-3.8,-2.4
J3,DWL_M16-19,S11,min,-247.888,-247.888,-261.513,-218.46,-274.773,-278.474,-277.484,-272.182,-267.03,-263.044,-261.513,-238.612,0.0,-5.5,11.9,-10.8,-12.3,-11.9,-9.8,-7.7,-6.1,-5.5,3.7
J3,DWL_M16-19,S11,n_values,120,120,120,120,120,120,120,120,120,120,120,120,,,,,,,,,,,
J3,DWL_M16-19,S11,p95,196.494,196.494,207.571,178.889,220.745,222.742,220.905,216.293,212.048,208.812,207.571,188.331,0.0,5.6,-9.0,12.3,13.4,12.4,10.1,7.9,6.3,5.6,-4.2
J3,DWL_M16-20,MISES,max,117.182,117.182,117.689,136.429,86.863,92.604,103.279,110.156,114.389,116.872,117.689,125.026,0.0,0.4,16.4,-25.9,-21.0,-11.9,-6.0,-2.4,-0.3,0.4,6.7
J3,DWL_M16-20,MISES,mean,29.729,29.729,30.581,30.478,27.709,28.421,29.614,30.184,30.449,30.557,30.581,30.218,-0.0,2.9,2.5,-6.8,-4.4,-0.4,1.5,2.4,2.8,2.9,1.6
J3,DWL_M16-20,MISES,min,0.0,0.0,0.0,0.0,0.0,0.0,0.0,0.0,0.0,0.0,0.0,0.0,0.0,9.8,-31.8,29.4,31.0,27.3,21.0,15.4,11.4,9.8,-12.4
J3,DWL_M16-20,MISES,n_values,120,120,120,120,120,120,120,120,120,120,120,120,,,,,,,,,,,
J3,DWL_M16-20,MISES,p95,97.988,97.988,98.674,112.528,75.044,79.212,87.609,92.952,96.187,98.062,98.674,104.038,0.0,0.7,14.8,-23.4,-19.2,-10.6,-5.1,-1.8,0.1,0.7,6.2
J3,DWL_M16-20,S11,max,115.443,115.443,115.806,135.17,83.673,89.655,100.854,108.015,112.392,114.96,115.806,123.44,0.0,0.3,17.1,-27.5,-22.3,-12.6,-6.4,-2.6,-0.4,0.3,6.9
J3,DWL_M16-20,S11,mean,-0.015,-0.015,-0.033,0.057,-0.11,-0.124,-0.107,-0.077,-0.054,-0.039,-0.033,0.02,-0.0,-122.2,479.3,-628.7,-724.1,-609.8,-414.1,-259.2,-157.4,-122.2,230.9
J3,DWL_M16-20,S11,min,-115.075,-115.075,-115.505,-134.442,-83.824,-89.819,-100.894,-107.911,-112.182,-114.682,-115.505,-122.908,0.0,-0.4,-16.8,27.2,21.9,12.3,6.2,2.5,0.3,-0.4,-6.8
J3,DWL_M16-20,S11,n_values,120,120,120,120,120,120,120,120,120,120,120,120,,,,,,,,,,,
J3,DWL_M16-20,S11,p95,77.138,77.138,77.578,88.657,58.684,61.964,68.553,72.867,75.519,77.069,77.578,82.052,0.0,0.6,14.9,-23.9,-19.7,-11.1,-5.5,-2.1,-0.1,0.6,6.4
J3,DWL_M16-21,MISES,max,181.624,181.624,184.121,199.676,183.816,179.71,176.101,177.276,181.138,183.384,184.121,189.965,0.0,1.4,9.9,1.2,-1.1,-3.0,-2.4,-0.3,1.0,1.4,4.6
J3,DWL_M16-21,MISES,mean,56.313,56.313,57.574,57.831,56.318,56.157,56.66,57.046,57.332,57.512,57.574,57.86,-0.0,2.2,2.7,0.0,-0.3,0.6,1.3,1.8,2.1,2.2,2.7
J3,DWL_M16-21,MISES,min,0.0,0.0,0.0,0.0,0.0,0.0,0.0,0.0,0.0,0.0,0.0,0.0,-0.0,2.7,-1.8,9.7,7.1,4.7,3.5,3.0,2.8,2.7,1.7
J3,DWL_M16-21,MISES,n_values,120,120,120,120,120,120,120,120,120,120,120,120,,,,,,,,,,,
J3,DWL_M16-21,MISES,p95,159.938,159.938,164.303,165.289,153.695,152.939,162.65,165.533,164.774,164.428,164.303,162.505,0.0,2.7,3.3,-3.9,-4.4,1.7,3.5,3.0,2.8,2.7,1.6
J3,DWL_M16-21,S11,max,177.246,177.246,179.519,195.986,178.532,174.501,171.003,172.352,176.399,178.749,179.519,185.723,0.0,1.3,10.6,0.7,-1.5,-3.5,-2.8,-0.5,0.8,1.3,4.8
J3,DWL_M16-21,S11,mean,2.045,2.045,2.065,2.283,1.672,1.73,1.867,1.961,2.019,2.054,2.065,2.158,-0.0,1.0,11.6,-18.2,-15.4,-8.7,-4.1,-1.3,0.4,1.0,5.5
J3,DWL_M16-21,S11,min,-167.75,-167.75,-169.911,-185.519,-170.53,-166.392,-162.238,-163.171,-166.977,-169.186,-169.911,-175.749,0.0,-1.3,-10.6,-1.7,0.8,3.3,2.7,0.5,-0.9,-1.3,-4.8
J3,DWL_M16-21,S11,n_values,120,120,120,120,120,120,120,120,120,120,120,120,,,,,,,,,,,
J3,DWL_M16-21,S11,p95,139.209,139.209,142.796,142.929,147.307,144.104,141.27,142.689,143.002,142.833,142.796,142.028,0.0,2.6,2.7,5.8,3.5,1.5,2.5,2.7,2.6,2.6,2.0
J3,DWL_M16-22,MISES,max,666.22,666.22,679.984,696.114,633.982,641.281,658.39,668.607,674.992,678.742,679.984,686.399,0.0,2.1,4.5,-4.8,-3.7,-1.2,0.4,1.3,1.9,2.1,3.0
J3,DWL_M16-22,MISES,mean,132.561,132.561,136.003,131.261,140.351,137.238,135.65,135.475,135.704,135.922,136.003,134.729,-0.0,2.6,-1.0,5.9,3.5,2.3,2.2,2.4,2.5,2.6,1.6
J3,DWL_M16-22,MISES,min,0.0,0.0,0.0,0.0,0.0,0.0,0.0,0.0,0.0,0.0,0.0,0.0,-0.0,2.7,-4.0,16.0,10.7,5.6,3.6,2.9,2.7,2.7,1.2
J3,DWL_M16-22,MISES,n_values,120,120,120,120,120,120,120,120,120,120,120,120,,,,,,,,,,,
J3,DWL_M16-22,MISES,p95,442.79,442.79,452.149,459.594,424.468,426.622,437.099,444.219,448.729,451.317,452.149,455.778,0.0,2.1,3.8,-4.1,-3.7,-1.3,0.3,1.3,1.9,2.1,2.9
J3,DWL_M16-22,S11,max,650.942,650.942,664.187,680.19,619.948,626.434,642.676,652.705,659.109,662.919,664.187,670.951,0.0,2.0,4.5,-4.8,-3.8,-1.3,0.3,1.3,1.8,2.0,3.1
J3,DWL_M16-22,S11,mean,-2.208,-2.208,-2.298,-2.408,-1.516,-1.852,-2.201,-2.3,-2.313,-2.304,-2.298,-2.218,-0.0,-4.1,-9.1,31.3,16.1,0.3,-4.2,-4.8,-4.4,-4.1,-0.5
J3,DWL_M16-22,S11,min,-663.317,-663.317,-676.981,-693.543,-629.656,-637.387,-654.992,-665.437,-671.927,-675.726,-676.981,-683.502,0.0,-2.1,-4.6,5.1,3.9,1.3,-0.3,-1.3,-1.9,-2.1,-3.0
J3,DWL_M16-22,S11,n_values,120,120,120,120,120,120,120,120,120,120,120,120,,,,,,,,,,,
J3,DWL_M16-22,S11,p95,310.282,310.282,319.284,309.082,356.454,344.207,328.389,322.261,320.142,319.433,319.284,312.647,0.0,2.9,-0.4,14.9,10.9,5.8,3.9,3.2,2.9,2.9,0.8
J3,DWL_M16-23,MISES,max,516.655,516.655,529.504,523.084,522.229,520.554,524.186,526.547,528.218,529.187,529.504,527.833,0.0,2.5,1.2,1.1,0.8,1.5,1.9,2.2,2.4,2.5,2.2
J3,DWL_M16-23,MISES,mean,88.981,88.981,91.122,90.109,90.206,89.415,89.805,90.315,90.749,91.028,91.122,90.955,0.0,2.4,1.3,1.4,0.5,0.9,1.5,2.0,2.3,2.4,2.2
J3,DWL_M16-23,MISES,min,0.0,0.0,0.0,0.0,0.0,0.0,0.0,0.0,0.0,0.0,0.0,0.0,0.0,-1.7,20.5,-22.0,-25.0,-20.2,-13.0,-7.2,-3.2,-1.7,9.2
J3,DWL_M16-23,MISES,n_values,120,120,120,120,120,120,120,120,120,120,120,120,,,,,,,,,,,
J3,DWL_M16-23,MISES,p95,409.001,409.001,419.034,414.835,411.635,410.153,413.561,416.027,417.736,418.719,419.034,418.195,0.0,2.5,1.4,0.6,0.3,1.1,1.7,2.1,2.4,2.5,2.2
J3,DWL_M16-23,S11,max,515.516,515.516,528.237,522.347,520.283,518.607,522.434,525.006,526.827,527.889,528.237,526.848,0.0,2.5,1.3,0.9,0.6,1.3,1.8,2.2,2.4,2.5,2.2
J3,DWL_M16-23,S11,mean,-0.173,-0.173,-0.204,-0.079,-0.31,-0.339,-0.316,-0.272,-0.236,-0.212,-0.204,-0.13,-0.0,-18.0,54.1,-79.2,-96.3,-83.0,-57.1,-36.3,-22.7,-18.0,24.9
J3,DWL_M16-23,S11,min,-515.857,-515.857,-528.68,-522.358,-521.185,-519.583,-523.297,-525.697,-527.384,-528.361,-528.68,-527.034,0.0,-2.5,-1.3,-1.0,-0.7,-1.4,-1.9,-2.2,-2.4,-2.5,-2.2
J3,DWL_M16-23,S11,n_values,120,120,120,120,120,120,120,120,120,120,120,120,,,,,,,,,,,
J3,DWL_M16-23,S11,p95,316.94,316.94,324.634,321.623,318.886,317.547,320.149,322.136,323.544,324.367,324.634,324.174,0.0,2.4,1.5,0.6,0.2,1.0,1.6,2.1,2.3,2.4,2.3
J3,DWL_M16-24,MISES,max,784.906,784.906,805.154,790.785,804.013,799.954,801.902,803.098,804.224,804.916,805.154,800.866,0.0,2.6,0.7,2.4,1.9,2.2,2.3,2.5,2.5,2.6,2.0
J3,DWL_M16-24,MISES,mean,148.27,148.27,152.605,145.473,159.555,157.155,155.056,153.78,153.108,152.727,152.605,150.221,-0.0,2.9,-1.9,7.6,6.0,4.6,3.7,3.3,3.0,2.9,1.3
J3,DWL_M16-24,MISES,min,0.0,0.0,0.0,0.0,0.0,0.0,0.0,0.0,0.0,0.0,0.0,0.0,0.0,3.8,-8.0,19.1,15.3,10.3,7.1,5.2,4.1,3.8,-0.4
J3,DWL_M16-24,MISES,n_values,120,120,120,120,120,120,120,120,120,120,120,120,,,,,,,,,,,
J3,DWL_M16-24,MISES,p95,571.009,571.009,585.57,576.427,582.01,579.33,581.737,583.339,584.59,585.327,585.57,582.941,0.0,2.6,0.9,1.9,1.5,1.9,2.2,2.4,2.5,2.6,2.1
J3,DWL_M16-24,S11,max,781.667,781.667,801.791,787.843,799.962,796.095,798.283,799.612,800.81,801.541,801.791,797.646,0.0,2.6,0.8,2.3,1.8,2.1,2.3,2.4,2.5,2.6,2.0
J3,DWL_M16-24,S11,mean,7.412,7.412,7.58,7.559,7.408,7.351,7.418,7.487,7.539,7.57,7.58,7.602,0.0,2.3,2.0,-0.1,-0.8,0.1,1.0,1.7,2.1,2.3,2.6
J3,DWL_M16-24,S11,min,-747.724,-747.724,-767.037,-753.467,-765.594,-762.047,-764.063,-765.173,-766.197,-766.822,-767.037,-762.905,0.0,-2.6,-0.8,-2.4,-1.9,-2.2,-2.3,-2.5,-2.6,-2.6,-2.0
J3,DWL_M16-24,S11,n_values,120,120,120,120,120,120,120,120,120,120,120,120,,,,,,,,,,,
J3,DWL_M16-24,S11,p95,474.461,474.461,486.554,478.536,484.418,481.667,483.337,484.642,485.709,486.344,486.554,484.353,0.0,2.5,0.9,2.1,1.5,1.9,2.1,2.4,2.5,2.5,2.1
J3,DWL_M16-25,MISES,max,724.945,724.945,753.122,746.134,771.438,761.636,755.769,754.997,753.921,753.329,753.122,750.701,0.0,3.9,2.9,6.4,5.1,4.3,4.1,4.0,3.9,3.9,3.6
J3,DWL_M16-25,MISES,mean,187.747,187.747,181.732,180.64,184.263,182.521,181.721,181.575,181.633,181.703,181.732,181.33,0.0,-3.2,-3.8,-1.9,-2.8,-3.2,-3.3,-3.3,-3.2,-3.2,-3.4
J3,DWL_M16-25,MISES,min,0.0,0.0,0.0,0.0,0.0,0.0,0.0,0.0,0.0,0.0,0.0,0.0,0.0,-2.0,-1.8,-3.9,-3.9,-3.2,-3.1,-2.5,-2.1,-2.0,-2.0
J3,DWL_M16-25,MISES,n_values,120,120,120,120,120,120,120,120,120,120,120,120,,,,,,,,,,,
J3,DWL_M16-25,MISES,p95,558.553,558.553,564.78,558.146,585.489,576.248,569.356,567.814,566.095,565.115,564.78,562.284,0.0,1.1,-0.1,4.8,3.2,1.9,1.7,1.4,1.2,1.1,0.7
J3,DWL_M16-25,S11,max,721.697,721.697,749.823,742.92,767.917,758.161,752.364,751.625,750.588,750.021,749.823,747.447,0.0,3.9,2.9,6.4,5.1,4.2,4.1,4.0,3.9,3.9,3.6
J3,DWL_M16-25,S11,mean,5.563,5.563,3.137,2.926,4.19,3.882,3.51,3.361,3.236,3.162,3.137,3.037,0.0,-43.6,-47.4,-24.7,-30.2,-36.9,-39.6,-41.8,-43.2,-43.6,-45.4
J3,DWL_M16-25,S11,min,-706.05,-706.05,-742.152,-735.987,-756.299,-747.671,-743.274,-743.099,-742.538,-742.254,-742.152,-740.112,0.0,-5.1,-4.2,-7.1,-5.9,-5.3,-5.2,-5.2,-5.1,-5.1,-4.8
J3,DWL_M16-25,S11,n_values,120,120,120,120,120,120,120,120,120,120,120,120,,,,,,,,,,,
J3,DWL_M16-25,S11,p95,485.449,485.449,465.935,466.67,459.071,458.354,460.867,461.239,463.694,465.342,465.935,466.011,0.0,-4.0,-3.9,-5.4,-5.6,-5.1,-5.0,-4.5,-4.1,-4.0,-4.0
J3,DWL_M16-26,MISES,max,601.172,601.172,607.52,609.25,587.657,588.966,596.445,600.825,604.47,606.741,607.52,608.957,0.0,1.1,1.3,-2.2,-2.0,-0.8,-0.1,0.5,0.9,1.1,1.3
J3,DWL_M16-26,MISES,mean,113.736,113.736,111.876,113.496,106.509,106.94,108.748,109.402,110.688,111.558,111.876,112.585,0.0,-1.6,-0.2,-6.4,-6.0,-4.4,-3.8,-2.7,-1.9,-1.6,-1.0
J3,DWL_M16-26,MISES,min,0.0,0.0,0.0,0.0,0.0,0.0,0.0,0.0,0.0,0.0,0.0,0.0,0.0,-7.1,-1.1,-20.2,-18.5,-14.5,-14.8,-10.8,-8.2,-7.1,-5.5
J3,DWL_M16-26,MISES,n_values,120,120,120,120,120,120,120,120,120,120,120,120,,,,,,,,,,,
J3,DWL_M16-26,MISES,p95,460.186,460.186,462.656,463.266,449.491,449.969,454.948,458.076,460.573,462.159,462.656,463.647,0.0,0.5,0.7,-2.3,-2.2,-1.1,-0.5,0.1,0.4,0.5,0.8
J3,DWL_M16-26,S11,max,600.748,600.748,607.077,608.849,587.171,588.482,595.972,600.339,604.006,606.292,607.077,608.522,0.0,1.1,1.3,-2.3,-2.0,-0.8,-0.1,0.5,0.9,1.1,1.3
J3,DWL_M16-26,S11,mean,1.544,1.544,1.388,1.288,1.859,1.722,1.558,1.456,1.417,1.395,1.388,1.314,0.0,-10.1,-16.6,20.4,11.6,0.9,-5.7,-8.2,-9.6,-10.1,-14.9
J3,DWL_M16-26,S11,min,-595.237,-595.237,-602.05,-604.284,-580.062,-581.962,-590.179,-594.924,-598.807,-601.221,-602.05,-603.77,0.0,-1.1,-1.5,2.5,2.2,0.8,0.1,-0.6,-1.0,-1.1,-1.4
J3,DWL_M16-26,S11,n_values,120,120,120,120,120,120,120,120,120,120,120,120,,,,,,,,,,,
J3,DWL_M16-26,S11,p95,354.252,354.252,356.309,356.523,348.434,348.206,351.228,353.426,354.978,355.967,356.309,356.931,0.0,0.6,0.6,-1.6,-1.7,-0.9,-0.2,0.2,0.5,0.6,0.8
J3,DWL_M16-27,MISES,max,600.083,600.083,602.832,612.825,552.564,561.517,579.312,589.625,596.782,601.268,602.832,609.713,0.0,0.5,2.1,-7.9,-6.4,-3.5,-1.7,-0.6,0.2,0.5,1.6
J3,DWL_M16-27,MISES,mean,105.611,105.611,108.777,105.432,105.76,106.95,108.717,110.223,109.646,109.046,108.777,107.526,-0.0,3.0,-0.2,0.1,1.3,2.9,4.4,3.8,3.3,3.0,1.8
J3,DWL_M16-27,MISES,min,0.0,0.0,0.0,0.0,0.0,0.0,0.0,0.0,0.0,0.0,0.0,0.0,0.0,17.9,-5.7,39.8,39.4,35.2,37.5,28.0,20.7,17.9,8.5
J3,DWL_M16-27,MISES,n_values,120,120,120,120,120,120,120,120,120,120,120,120,,,,,,,,,,,
J3,DWL_M16-27,MISES,p95,441.939,441.939,443.562,450.198,409.203,415.233,427.412,434.958,439.611,442.538,443.562,448.47,0.0,0.4,1.9,-7.4,-6.0,-3.3,-1.6,-0.5,0.1,0.4,1.5
J3,DWL_M16-27,S11,max,599.623,599.623,602.341,612.428,552.019,560.96,578.754,589.089,596.266,600.77,602.341,609.289,0.0,0.5,2.1,-7.9,-6.4,-3.5,-1.8,-0.6,0.2,0.5,1.6
J3,DWL_M16-27,S11,mean,0.458,0.458,0.373,0.281,0.773,0.663,0.522,0.379,0.371,0.371,0.373,0.268,0.0,-18.7,-38.7,68.6,44.6,14.0,-17.3,-19.0,-19.0,-18.7,-41.4
J3,DWL_M16-27,S11,min,-598.251,-598.251,-601.183,-611.708,-549.121,-558.527,-576.927,-587.735,-595.028,-599.593,-601.183,-608.483,0.0,-0.5,-2.2,8.2,6.6,3.6,1.8,0.5,-0.2,-0.5,-1.7
J3,DWL_M16-27,S11,n_values,120,120,120,120,120,120,120,120,120,120,120,120,,,,,,,,,,,
J3,DWL_M16-27,S11,p95,334.376,334.376,335.594,340.808,309.344,313.927,323.222,328.83,332.482,334.786,335.594,339.291,0.0,0.4,1.9,-7.5,-6.1,-3.3,-1.7,-0.6,0.1,0.4,1.5
J3,DWL_M16-28,MISES,max,784.842,784.842,778.001,807.402,666.782,690.183,728.812,752.531,766.354,774.985,778.001,797.059,0.0,-0.9,2.9,-15.0,-12.1,-7.1,-4.1,-2.4,-1.3,-0.9,1.6
J3,DWL_M16-28,MISES,mean,170.155,170.155,174.485,165.737,164.758,168.97,174.425,175.758,175.636,174.901,174.485,168.762,0.0,2.5,-2.6,-3.2,-0.7,2.5,3.3,3.2,2.8,2.5,-0.8
J3,DWL_M16-28,MISES,min,0.0,0.0,0.0,0.0,0.0,0.0,0.0,0.0,0.0,0.0,0.0,0.0,0.0,6.1,-6.2,8.5,10.7,12.3,11.1,9.1,7.0,6.1,-2.3
J3,DWL_M16-28,MISES,n_values,120,120,120,120,120,120,120,120,120,120,120,120,,,,,,,,,,,
J3,DWL_M16-28,MISES,p95,494.676,494.676,504.774,508.639,503.082,513.126,520.837,515.092,505.817,505.621,504.774,503.178,0.0,2.0,2.8,1.7,3.7,5.3,4.1,2.3,2.2,2.0,1.7
J3,DWL_M16-28,S11,max,779.771,779.771,772.602,803.07,660.934,684.144,722.668,746.864,760.77,769.526,772.602,792.619,0.0,-0.9,3.0,-15.2,-12.3,-7.3,-4.2,-2.4,-1.3,-0.9,1.6
J3,DWL_M16-28,S11,mean,2.794,2.794,2.665,2.692,2.714,2.691,2.648,2.59,2.613,2.647,2.665,2.683,0.0,-4.6,-3.7,-2.8,-3.7,-5.2,-7.3,-6.5,-5.2,-4.6,-4.0
J3,DWL_M16-28,S11,min,-765.893,-765.893,-759.163,-789.298,-648.014,-671.155,-709.599,-733.774,-747.549,-756.156,-759.163,-778.893,0.0,0.9,-3.1,15.4,12.4,7.4,4.2,2.4,1.3,0.9,-1.7
J3,DWL_M16-28,S11,n_values,120,120,120,120,120,120,120,120,120,120,120,120,,,,,,,,,,,
J3,DWL_M16-28,S11,p95,417.583,417.583,423.226,426.896,430.825,438.946,445.34,441.966,434.611,426.877,423.226,424.226,0.0,1.4,2.2,3.2,5.1,6.6,5.8,4.1,2.2,1.4,1.6
J3,DWL_M16-29,MISES,max,414.18,414.18,402.258,403.999,388.912,391.662,396.814,398.66,400.605,401.835,402.258,402.83,0.0,-2.9,-2.5,-6.1,-5.4,-4.2,-3.7,-3.3,-3.0,-2.9,-2.7
J3,DWL_M16-29,MISES,mean,80.86,80.86,76.695,76.793,74.673,75.121,75.929,76.239,76.49,76.642,76.695,76.726,0.0,-5.2,-5.0,-7.7,-7.1,-6.1,-5.7,-5.4,-5.2,-5.2,-5.1
J3,DWL_M16-29,MISES,min,0.0,0.0,0.0,0.0,0.0,0.0,0.0,0.0,0.0,0.0,0.0,0.0,0.0,8.0,-2.8,47.4,39.9,26.8,21.9,14.3,9.6,8.0,2.9
J3,DWL_M16-29,MISES,n_values,120,120,120,120,120,120,120,120,120,120,120,120,,,,,,,,,,,
J3,DWL_M16-29,MISES,p95,333.145,333.145,319.219,320.787,306.769,309.467,314.147,316.007,317.789,318.855,319.219,319.758,0.0,-4.2,-3.7,-7.9,-7.1,-5.7,-5.1,-4.6,-4.3,-4.2,-4.0
J3,DWL_M16-29,S11,max,408.674,408.674,396.26,398.169,381.461,384.617,390.346,392.48,394.566,395.827,396.26,396.918,0.0,-3.0,-2.6,-6.7,-5.9,-4.5,-4.0,-3.5,-3.1,-3.0,-2.9
J3,DWL_M16-29,S11,mean,0.403,0.403,0.169,0.248,-0.126,-0.069,0.028,0.076,0.127,0.158,0.169,0.215,-0.0,-58.0,-38.4,-131.2,-117.0,-93.1,-81.2,-68.5,-60.7,-58.0,-46.6
J3,DWL_M16-29,S11,min,-407.404,-407.404,-395.978,-397.576,-382.379,-385.3,-390.637,-392.568,-394.45,-395.586,-395.978,-396.449,0.0,2.8,2.4,6.1,5.4,4.1,3.6,3.2,2.9,2.8,2.7
J3,DWL_M16-29,S11,n_values,120,120,120,120,120,120,120,120,120,120,120,120,,,,,,,,,,,
J3,DWL_M16-29,S11,p95,306.45,306.45,292.747,295.08,277.156,280.963,286.822,289.145,291.14,292.338,292.747,293.808,0.0,-4.5,-3.7,-9.6,-8.3,-6.4,-5.6,-5.0,-4.6,-4.5,-4.1
J3,DWL_M16-30,MISES,max,104.842,104.842,96.131,102.678,76.197,81.497,88.662,91.872,94.236,95.647,96.131,99.166,0.0,-8.3,-2.1,-27.3,-22.3,-15.4,-12.4,-10.1,-8.8,-8.3,-5.4
J3,DWL_M16-30,MISES,mean,25.853,25.853,24.459,24.694,24.092,24.376,24.596,24.609,24.524,24.473,24.459,24.447,0.0,-5.4,-4.5,-6.8,-5.7,-4.9,-4.8,-5.1,-5.3,-5.4,-5.4
J3,DWL_M16-30,MISES,min,0.0,0.0,0.0,0.0,0.0,0.0,0.0,0.0,0.0,0.0,0.0,0.0,0.0,6.8,-7.4,11.9,19.7,30.5,22.5,14.0,8.7,6.8,-2.0
J3,DWL_M16-30,MISES,n_values,120,120,120,120,120,120,120,120,120,120,120,120,,,,,,,,,,,
J3,DWL_M16-30,MISES,p95,87.15,87.15,80.148,85.687,72.464,68.019,73.373,76.228,78.41,79.719,80.148,82.737,0.0,-8.0,-1.7,-16.9,-22.0,-15.8,-12.5,-10.0,-8.5,-8.0,-5.1
J3,DWL_M16-30,S11,max,104.448,104.448,95.663,102.362,74.363,79.917,87.517,90.984,93.577,95.13,95.663,98.819,0.0,-8.4,-2.0,-28.8,-23.5,-16.2,-12.9,-10.4,-8.9,-8.4,-5.4
J3,DWL_M16-30,S11,mean,0.069,0.069,-0.002,0.095,-0.287,-0.243,-0.155,-0.104,-0.049,-0.014,-0.002,0.06,-0.0,-102.8,38.4,-516.9,-453.0,-326.2,-251.0,-171.6,-120.6,-102.8,-13.1
J3,DWL_M16-30,S11,min,-104.285,-104.285,-95.742,-102.205,-75.562,-80.937,-88.187,-91.442,-93.829,-95.253,-95.742,-98.726,0.0,8.2,2.0,27.5,22.4,15.4,12.3,10.0,8.7,8.2,5.3
J3,DWL_M16-30,S11,n_values,120,120,120,120,120,120,120,120,120,120,120,120,,,,,,,,,,,
J3,DWL_M16-30,S11,p95,71.827,71.827,65.319,71.44,52.009,57.065,60.43,61.309,63.522,64.857,65.319,68.277,0.0,-9.1,-0.5,-27.6,-20.6,-15.9,-14.6,-11.6,-9.7,-9.1,-4.9
J3,DWL_M16-31,MISES,max,107.588,107.588,115.608,99.919,145.375,137.87,128.02,121.474,118.091,116.242,115.608,106.968,0.0,7.5,-7.1,35.1,28.1,19.0,12.9,9.8,8.0,7.5,-0.6
J3,DWL_M16-31,MISES,mean,28.668,28.668,30.677,25.738,41.749,39.365,35.778,33.52,31.956,31.003,30.677,27.764,0.0,7.0,-10.2,45.6,37.3,24.8,16.9,11.5,8.1,7.0,-3.2
J3,DWL_M16-31,MISES,min,0.0,0.0,0.0,0.0,0.0,0.0,0.0,0.0,0.0,0.0,0.0,0.0,0.0,12.6,-16.7,108.8,91.6,61.3,43.9,27.0,16.3,12.6,-6.5
J3,DWL_M16-31,MISES,n_values,120,120,120,120,120,120,120,120,120,120,120,120,,,,,,,,,,,
J3,DWL_M16-31,MISES,p95,99.088,99.088,105.835,91.506,130.069,123.628,115.748,110.609,107.998,106.397,105.835,98.053,0.0,6.8,-7.7,31.3,24.8,16.8,11.6,9.0,7.4,6.8,-1.0
J3,DWL_M16-31,S11,max,107.334,107.334,115.383,99.772,143.751,136.426,127.053,120.875,117.841,116.014,115.383,106.797,0.0,7.5,-7.0,33.9,27.1,18.4,12.6,9.8,8.1,7.5,-0.5
J3,DWL_M16-31,S11,mean,0.047,0.047,-0.047,0.141,-0.409,-0.382,-0.287,-0.212,-0.128,-0.069,-0.047,0.08,0.0,-200.2,199.2,-969.2,-911.2,-710.0,-550.8,-371.5,-246.3,-200.2,70.1
J3,DWL_M16-31,S11,min,-106.7,-106.7,-115.087,-98.799,-145.01,-137.53,-127.724,-121.224,-117.854,-115.8,-115.087,-106.03,0.0,-7.9,7.4,-35.9,-28.9,-19.7,-13.6,-10.5,-8.5,-7.9,0.6
J3,DWL_M16-31,S11,n_values,120,120,120,120,120,120,120,120,120,120,120,120,,,,,,,,,,,
J3,DWL_M16-31,S11,p95,93.27,93.27,100.073,86.737,123.4,117.355,109.658,104.612,102.11,100.598,100.073,92.767,0.0,7.3,-7.0,32.3,25.8,17.6,12.2,9.5,7.9,7.3,-0.5
J3,DWL_M16-32,MISES,max,452.604,452.604,465.095,418.551,524.509,512.617,495.104,477.856,471.016,466.645,465.095,436.097,0.0,2.8,-7.5,15.9,13.3,9.4,5.6,4.1,3.1,2.8,-3.6
J3,DWL_M16-32,MISES,mean,94.071,94.071,96.846,85.785,114.215,111.073,105.723,101.067,98.699,97.308,96.846,89.96,-0.0,2.9,-8.8,21.4,18.1,12.4,7.4,4.9,3.4,2.9,-4.4
J3,DWL_M16-32,MISES,min,0.0,0.0,0.0,0.0,0.0,0.0,0.0,0.0,0.0,0.0,0.0,0.0,0.0,59.1,-3.4,560.5,487.2,336.0,237.2,141.0,79.8,59.1,-22.6
J3,DWL_M16-32,MISES,n_values,120,120,120,120,120,120,120,120,120,120,120,120,,,,,,,,,,,
J3,DWL_M16-32,MISES,p95,383.918,383.918,395.064,352.361,443.054,433.75,419.736,405.687,399.99,396.357,395.064,369.617,0.0,2.9,-8.2,15.4,13.0,9.3,5.7,4.2,3.2,2.9,-3.7
J3,DWL_M16-32,S11,max,445.061,445.061,457.241,411.922,515.872,504.104,486.738,469.701,462.941,458.718,457.241,429.28,0.0,2.7,-7.4,15.9,13.3,9.4,5.5,4.0,3.1,2.7,-3.5
J3,DWL_M16-32,S11,mean,-0.208,-0.208,-0.328,-0.105,0.196,-0.056,-0.327,-0.374,-0.375,-0.346,-0.328,-0.141,-0.0,-57.6,49.4,194.1,73.3,-56.8,-79.6,-80.1,-65.9,-57.6,32.2
J3,DWL_M16-32,S11,min,-445.244,-445.244,-457.714,-411.912,-514.08,-503.224,-486.92,-470.128,-463.474,-459.222,-457.714,-429.288,0.0,-2.8,7.5,-15.5,-13.0,-9.4,-5.6,-4.1,-3.1,-2.8,3.6
J3,DWL_M16-32,S11,n_values,120,120,120,120,120,120,120,120,120,120,120,120,,,,,,,,,,,
J3,DWL_M16-32,S11,p95,357.423,357.423,367.634,329.843,412.723,403.785,390.532,377.507,372.183,368.821,367.634,344.648,0.0,2.9,-7.7,15.5,13.0,9.3,5.6,4.1,3.2,2.9,-3.6
J3,DWL_M16-33,MISES,max,781.359,781.359,821.034,802.67,878.165,859.622,841.204,834.158,826.931,822.54,821.034,811.983,0.0,5.1,2.7,12.4,10.0,7.7,6.8,5.8,5.3,5.1,3.9
J3,DWL_M16-33,MISES,mean,213.844,213.844,212.013,207.905,223.108,219.538,216.075,214.671,213.221,212.325,212.013,209.947,0.0,-0.9,-2.8,4.3,2.7,1.0,0.4,-0.3,-0.7,-0.9,-1.8
J3,DWL_M16-33,MISES,min,0.0,0.0,0.0,0.0,0.0,0.0,0.0,0.0,0.0,0.0,0.0,0.0,0.0,0.7,-0.8,3.7,2.7,1.9,1.5,1.1,0.8,0.7,-0.1
J3,DWL_M16-33,MISES,n_values,120,120,120,120,120,120,120,120,120,120,120,120,,,,,,,,,,,
J3,DWL_M16-33,MISES,p95,607.984,607.984,608.856,600.013,649.426,634.291,622.723,618.299,612.509,609.377,608.856,604.148,0.0,0.1,-1.3,6.8,4.3,2.4,1.7,0.7,0.2,0.1,-0.6
J3,DWL_M16-33,S11,max,761.808,761.808,807.756,789.913,861.236,843.889,826.81,820.27,813.396,809.2,807.756,798.908,0.0,6.0,3.7,13.1,10.8,8.5,7.7,6.8,6.2,6.0,4.9
J3,DWL_M16-33,S11,mean,-4.73,-4.73,-2.681,-2.493,-3.78,-3.435,-3.039,-2.886,-2.769,-2.703,-2.681,-2.598,0.0,43.3,47.3,20.1,27.4,35.8,39.0,41.4,42.9,43.3,45.1
J3,DWL_M16-33,S11,min,-774.772,-774.772,-814.219,-795.778,-871.655,-853.065,-834.544,-827.446,-820.164,-815.737,-814.219,-805.122,0.0,-5.1,-2.7,-12.5,-10.1,-7.7,-6.8,-5.9,-5.3,-5.1,-3.9
J3,DWL_M16-33,S11,n_values,120,120,120,120,120,120,120,120,120,120,120,120,,,,,,,,,,,
J3,DWL_M16-33,S11,p95,537.272,537.272,550.124,536.263,590.955,578.052,564.91,559.828,554.537,551.276,550.124,543.218,0.0,2.4,-0.2,10.0,7.6,5.1,4.2,3.2,2.6,2.4,1.1
J3,DWL_M16-34,MISES,max,580.699,580.699,594.411,582.195,617.572,610.505,604.255,601.749,597.854,595.316,594.411,587.876,0.0,2.4,0.3,6.3,5.1,4.1,3.6,3.0,2.5,2.4,1.2
J3,DWL_M16-34,MISES,mean,117.842,117.842,118.948,115.355,125.89,124.227,122.338,121.322,120.082,119.25,118.948,116.935,-0.0,0.9,-2.1,6.8,5.4,3.8,3.0,1.9,1.2,0.9,-0.8
J3,DWL_M16-34,MISES,min,0.0,0.0,0.0,0.0,0.0,0.0,0.0,0.0,0.0,0.0,0.0,0.0,-0.0,0.4,-6.4,15.4,12.4,8.0,5.3,2.7,1.0,0.4,-3.5
J3,DWL_M16-34,MISES,n_values,120,120,120,120,120,120,120,120,120,120,120,120,,,,,,,,,,,
J3,DWL_M16-34,MISES,p95,449.72,449.72,458.273,448.266,476.25,470.975,466.191,464.204,461.085,459.018,458.273,452.912,0.0,1.9,-0.3,5.9,4.7,3.7,3.2,2.5,2.1,1.9,0.7
J3,DWL_M16-34,S11,max,574.905,574.905,588.727,577.04,608.667,602.592,597.511,595.512,591.94,589.576,588.727,582.451,0.0,2.4,0.4,5.9,4.8,3.9,3.6,3.0,2.6,2.4,1.3
J3,DWL_M16-34,S11,mean,-1.404,-1.404,-1.368,-1.21,-2.207,-1.954,-1.653,-1.52,-1.432,-1.383,-1.368,-1.29,0.0,2.6,13.8,-57.2,-39.2,-17.7,-8.3,-2.0,1.5,2.6,8.1
J3,DWL_M16-34,S11,min,-580.509,-580.509,-594.236,-581.984,-617.463,-610.386,-604.118,-601.6,-597.692,-595.145,-594.236,-587.681,0.0,-2.4,-0.3,-6.4,-5.1,-4.1,-3.6,-3.0,-2.5,-2.4,-1.2
J3,DWL_M16-34,S11,n_values,120,120,120,120,120,120,120,120,120,120,120,120,,,,,,,,,,,
J3,DWL_M16-34,S11,p95,339.493,339.493,346.178,338.992,357.057,353.924,351.301,350.236,348.13,346.7,346.178,342.286,0.0,2.0,-0.1,5.2,4.3,3.5,3.2,2.5,2.1,2.0,0.8
J3,DWL_M16-35,MISES,max,613.668,613.668,623.67,615.735,616.851,619.287,624.073,626.319,625.26,624.147,623.67,618.896,0.0,1.6,0.3,0.5,0.9,1.7,2.1,1.9,1.7,1.6,0.9
J3,DWL_M16-35,MISES,mean,106.685,106.685,107.0,109.663,98.087,99.447,102.343,104.164,105.613,106.622,107.0,108.637,-0.0,0.3,2.8,-8.1,-6.8,-4.1,-2.4,-1.0,-0.1,0.3,1.8
J3,DWL_M16-35,MISES,min,0.0,0.0,0.0,0.0,0.0,0.0,0.0,0.0,0.0,0.0,0.0,0.0,-0.0,-6.8,27.9,-71.4,-62.8,-45.0,-32.7,-19.7,-10.4,-6.8,14.0
J3,DWL_M16-35,MISES,n_values,120,120,120,120,120,120,120,120,120,120,120,120,,,,,,,,,,,
J3,DWL_M16-35,MISES,p95,457.701,457.701,464.589,458.106,452.422,456.997,463.596,466.301,465.752,464.958,464.589,460.554,0.0,1.5,0.1,-1.2,-0.2,1.3,1.9,1.8,1.6,1.5,0.6
J3,DWL_M16-35,S11,max,613.219,613.219,623.277,615.217,613.135,616.839,623.201,625.997,624.906,623.765,623.277,618.428,0.0,1.6,0.3,-0.0,0.6,1.6,2.1,1.9,1.7,1.6,0.8
J3,DWL_M16-35,S11,mean,0.049,0.049,0.023,0.324,-1.174,-0.842,-0.422,-0.21,-0.079,-0.003,0.023,0.182,-0.0,-53.4,565.3,-2506.5,-1826.1,-965.1,-531.4,-261.2,-105.4,-53.4,273.6
J3,DWL_M16-35,S11,min,-612.115,-612.115,-622.23,-613.173,-616.575,-619.01,-623.773,-625.784,-624.215,-622.806,-622.23,-616.862,0.0,-1.7,-0.2,-0.7,-1.1,-1.9,-2.2,-2.0,-1.7,-1.7,-0.8
J3,DWL_M16-35,S11,n_values,120,120,120,120,120,120,120,120,120,120,120,120,,,,,,,,,,,
J3,DWL_M16-35,S11,p95,348.293,348.293,353.487,349.816,340.751,345.097,351.273,353.992,354.008,353.673,353.487,351.137,0.0,1.5,0.4,-2.2,-0.9,0.9,1.6,1.6,1.5,1.5,0.8
J3,DWL_M16-36,MISES,max,952.266,952.266,955.475,966.661,855.75,886.149,925.512,944.087,951.219,954.535,955.475,959.378,0.0,0.3,1.5,-10.1,-6.9,-2.8,-0.9,-0.1,0.2,0.3,0.7
J3,DWL_M16-36,MISES,mean,198.369,198.369,195.958,204.174,176.807,178.887,184.484,188.379,192.1,194.875,195.958,201.106,0.0,-1.2,2.9,-10.9,-9.8,-7.0,-5.0,-3.2,-1.8,-1.2,1.4
J3,DWL_M16-36,MISES,min,0.0,0.0,0.0,0.0,0.0,0.0,0.0,0.0,0.0,0.0,0.0,0.0,0.0,-3.9,7.5,-14.3,-15.5,-13.8,-11.5,-8.0,-5.1,-3.9,3.3
J3,DWL_M16-36,MISES,n_values,120,120,120,120,120,120,120,120,120,120,120,120,,,,,,,,,,,
J3,DWL_M16-36,MISES,p95,606.167,606.167,609.989,612.87,536.569,560.342,589.955,603.034,607.75,609.579,609.989,609.85,0.0,0.6,1.1,-11.5,-7.6,-2.7,-0.5,0.3,0.6,0.6,0.6
J3,DWL_M16-36,S11,max,929.05,929.05,931.837,944.929,826.544,858.079,899.249,919.089,926.992,930.753,931.837,936.948,0.0,0.3,1.7,-11.0,-7.6,-3.2,-1.1,-0.2,0.2,0.3,0.9
J3,DWL_M16-36,S11,mean,-3.78,-3.78,-4.064,-3.111,-5.604,-5.427,-4.994,-4.626,-4.337,-4.138,-4.064,-3.47,0.0,-7.5,17.7,-48.3,-43.6,-32.1,-22.4,-14.7,-9.5,-7.5,8.2
J3,DWL_M16-36,S11,min,-945.991,-945.991,-949.734,-959.758,-849.182,-880.335,-920.218,-938.872,-945.806,-948.898,-949.734,-952.882,0.0,-0.4,-1.5,10.2,6.9,2.7,0.8,0.0,-0.3,-0.4,-0.7
J3,DWL_M16-36,S11,n_values,120,120,120,120,120,120,120,120,120,120,120,120,,,,,,,,,,,
J3,DWL_M16-36,S11,p95,483.277,483.277,485.662,490.154,423.701,435.18,444.513,455.77,472.742,485.019,485.662,487.208,0.0,0.5,1.4,-12.3,-10.0,-8.0,-5.7,-2.2,0.4,0.5,0.8
J3,STEELPLATE_CORNER-0-50,MISES,max,634.994,634.994,645.154,648.405,616.478,622.762,634.32,639.956,642.926,644.601,645.154,646.379,0.0,1.6,2.1,-2.9,-1.9,-0.1,0.8,1.2,1.5,1.6,1.8
J3,STEELPLATE_CORNER-0-50,MISES,mean,141.066,141.066,144.401,144.889,139.255,140.137,142.213,143.317,143.93,144.283,144.401,144.642,0.0,2.4,2.7,-1.3,-0.7,0.8,1.6,2.0,2.3,2.4,2.5
J3,STEELPLATE_CORNER-0-50,MISES,min,8.106,8.106,7.109,7.732,5.055,5.506,6.229,6.601,6.876,7.049,7.109,7.432,0.0,-12.3,-4.6,-37.6,-32.1,-23.1,-18.6,-15.2,-13.0,-12.3,-8.3
J3,STEELPLATE_CORNER-0-50,MISES,n_values,3213,3213,3213,3213,3213,3213,3213,3213,3213,3213,3213,3213,,,,,,,,,,,
J3,STEELPLATE_CORNER-0-50,MISES,p95,266.489,266.489,272.838,274.332,263.881,265.055,268.845,271.05,271.953,272.733,272.838,273.17,0.0,2.4,2.9,-1.0,-0.5,0.9,1.7,2.1,2.3,2.4,2.5
J3,STEELPLATE_CORNER-0-50,S11,max,583.342,583.342,594.027,596.092,572.378,576.36,585.158,589.411,591.996,593.513,594.027,594.795,0.0,1.8,2.2,-1.9,-1.2,0.3,1.0,1.5,1.7,1.8,2.0
J3,STEELPLATE_CORNER-0-50,S11,mean,-2.857,-2.857,-2.611,-3.075,-1.936,-2.005,-2.177,-2.29,-2.447,-2.565,-2.611,-2.881,0.0,8.6,-7.6,32.3,29.8,23.8,19.9,14.4,10.2,8.6,-0.8
J3,STEELPLATE_CORNER-0-50,S11,min,-541.002,-541.002,-557.777,-557.12,-547.016,-547.853,-552.645,-555.244,-556.681,-557.506,-557.777,-557.42,0.0,-3.1,-3.0,-1.1,-1.3,-2.2,-2.6,-2.9,-3.1,-3.1,-3.0
J3,STEELPLATE_CORNER-0-50,S11,n_values,3213,3213,3213,3213,3213,3213,3213,3213,3213,3213,3213,3213,,,,,,,,,,,
J3,STEELPLATE_CORNER-0-50,S11,p95,216.517,216.517,221.478,221.771,211.721,214.034,217.537,219.46,220.565,221.247,221.478,221.561,0.0,2.3,2.4,-2.2,-1.1,0.5,1.4,1.9,2.2,2.3,2.3
J3,STEELPLATE_INTER-0-51,MISES,max,,,269.733,259.327,315.883,301.585,285.465,279.924,274.281,270.895,269.733,265.19,,,,,,,,,,,
J3,STEELPLATE_INTER-0-51,MISES,mean,,,46.749,44.664,56.197,53.209,49.912,48.642,47.588,46.962,46.749,45.739,,,,,,,,,,,
J3,STEELPLATE_INTER-0-51,MISES,min,,,9.167,9.037,7.631,8.168,8.684,9.192,9.213,9.179,9.167,9.152,,,,,,,,,,,
J3,STEELPLATE_INTER-0-51,MISES,n_values,,,1685,1685,1685,1685,1685,1685,1685,1685,1685,1685,,,,,,,,,,,
J3,STEELPLATE_INTER-0-51,MISES,p95,,,110.611,105.942,133.55,125.133,117.327,114.766,112.242,111.026,110.611,108.221,,,,,,,,,,,
J3,STEELPLATE_INTER-0-51,S11,max,,,38.657,37.306,44.589,42.775,40.706,39.981,39.248,38.808,38.657,38.061,,,,,,,,,,,
J3,STEELPLATE_INTER-0-51,S11,mean,,,-0.128,-0.067,-0.085,-0.144,-0.173,-0.137,-0.131,-0.128,-0.128,-0.05,,,,,,,,,,,
J3,STEELPLATE_INTER-0-51,S11,min,,,-36.005,-34.857,-41.263,-39.55,-37.702,-37.055,-36.471,-36.124,-36.005,-35.498,,,,,,,,,,,
J3,STEELPLATE_INTER-0-51,S11,n_values,,,1685,1685,1685,1685,1685,1685,1685,1685,1685,1685,,,,,,,,,,,
J3,STEELPLATE_INTER-0-51,S11,p95,,,9.319,8.956,12.485,11.641,10.142,9.676,9.445,9.345,9.319,9.15,,,,,,,,,,,
J3,STEELPLATE_INTER-1-1,MISES,max,119.447,119.447,,,,,,,,,,,0.0,,,,,,,,,,
J3,STEELPLATE_INTER-1-1,MISES,mean,34.907,34.907,,,,,,,,,,,0.0,,,,,,,,,,
J3,STEELPLATE_INTER-1-1,MISES,min,5.326,5.326,,,,,,,,,,,0.0,,,,,,,,,,
J3,STEELPLATE_INTER-1-1,MISES,n_values,925,925,,,,,,,,,,,,,,,,,,,,,
J3,STEELPLATE_INTER-1-1,MISES,p95,74.968,74.968,,,,,,,,,,,0.0,,,,,,,,,,
J3,STEELPLATE_INTER-1-1,S11,max,26.605,26.605,,,,,,,,,,,0.0,,,,,,,,,,
J3,STEELPLATE_INTER-1-1,S11,mean,0.053,0.053,,,,,,,,,,,0.0,,,,,,,,,,
J3,STEELPLATE_INTER-1-1,S11,min,-28.84,-28.84,,,,,,,,,,,0.0,,,,,,,,,,
J3,STEELPLATE_INTER-1-1,S11,n_values,925,925,,,,,,,,,,,,,,,,,,,,,
J3,STEELPLATE_INTER-1-1,S11,p95,8.311,8.311,,,,,,,,,,,0.0,,,,,,,,,,
J3,STEELPLATE_INTER-1-52,MISES,max,119.761,119.761,251.945,242.772,294.643,281.346,266.378,261.282,256.086,252.995,251.945,248.204,0.0,110.4,102.7,146.0,134.9,122.4,118.2,113.8,111.2,110.4,107.2
J3,STEELPLATE_INTER-1-52,MISES,mean,34.981,34.981,47.265,45.242,56.821,53.785,50.44,49.153,48.097,47.475,47.265,46.318,0.0,35.1,29.3,62.4,53.8,44.2,40.5,37.5,35.7,35.1,32.4
J3,STEELPLATE_INTER-1-52,MISES,min,5.337,5.337,7.509,7.996,5.035,5.715,6.551,7.219,7.389,7.481,7.509,8.034,0.0,40.7,49.8,-5.7,7.1,22.7,35.3,38.4,40.2,40.7,50.5
J3,STEELPLATE_INTER-1-52,MISES,n_values,925,925,1728,1728,1728,1728,1728,1728,1728,1728,1728,1728,,,,,,,,,,,
J3,STEELPLATE_INTER-1-52,MISES,p95,75.138,75.138,109.828,105.274,133.903,126.922,117.813,114.501,112.19,110.505,109.828,107.53,0.0,46.2,40.1,78.2,68.9,56.8,52.4,49.3,47.1,46.2,43.1
J3,STEELPLATE_INTER-1-52,S11,max,26.671,26.671,38.984,37.661,45.121,43.126,41.04,40.309,39.574,39.134,38.984,38.419,0.0,46.2,41.2,69.2,61.7,53.9,51.1,48.4,46.7,46.2,44.1
J3,STEELPLATE_INTER-1-52,S11,mean,0.053,0.053,-0.222,-0.154,-0.222,-0.268,-0.282,-0.238,-0.228,-0.223,-0.222,-0.14,-0.0,-521.7,-393.2,-522.3,-610.5,-636.1,-552.3,-533.9,-524.0,-521.7,-365.5
J3,STEELPLATE_INTER-1-52,S11,min,-28.904,-28.904,-38.717,-36.48,-42.665,-41.611,-40.274,-41.0,-39.773,-38.992,-38.717,-38.262,0.0,-33.9,-26.2,-47.6,-44.0,-39.3,-41.8,-37.6,-34.9,-33.9,-32.4
J3,STEELPLATE_INTER-1-52,S11,n_values,925,925,1728,1728,1728,1728,1728,1728,1728,1728,1728,1728,,,,,,,,,,,
J3,STEELPLATE_INTER-1-52,S11,p95,8.331,8.331,8.814,8.381,12.015,11.031,10.067,9.198,8.944,8.846,8.814,8.714,0.0,5.8,0.6,44.2,32.4,20.8,10.4,7.4,6.2,5.8,4.6
J3,STEELPLATE_INTER-1-M-1,MISES,max,170.297,170.297,,,,,,,,,,,0.0,,,,,,,,,,
J3,STEELPLATE_INTER-1-M-1,MISES,mean,42.82,42.82,,,,,,,,,,,0.0,,,,,,,,,,
J3,STEELPLATE_INTER-1-M-1,MISES,min,3.606,3.606,,,,,,,,,,,0.0,,,,,,,,,,
J3,STEELPLATE_INTER-1-M-1,MISES,n_values,1028,1028,,,,,,,,,,,,,,,,,,,,,
J3,STEELPLATE_INTER-1-M-1,MISES,p95,99.315,99.315,,,,,,,,,,,0.0,,,,,,,,,,
J3,STEELPLATE_INTER-1-M-1,S11,max,47.494,47.494,,,,,,,,,,,0.0,,,,,,,,,,
J3,STEELPLATE_INTER-1-M-1,S11,mean,-0.238,-0.238,,,,,,,,,,,0.0,,,,,,,,,,
J3,STEELPLATE_INTER-1-M-1,S11,min,-37.251,-37.251,,,,,,,,,,,0.0,,,,,,,,,,
J3,STEELPLATE_INTER-1-M-1,S11,n_values,1028,1028,,,,,,,,,,,,,,,,,,,,,
J3,STEELPLATE_INTER-1-M-1,S11,p95,10.531,10.531,,,,,,,,,,,0.0,,,,,,,,,,
J3,STEELPLATE_INTER-1-M-2,MISES,max,170.177,170.177,,,,,,,,,,,0.0,,,,,,,,,,
J3,STEELPLATE_INTER-1-M-2,MISES,mean,42.764,42.764,,,,,,,,,,,0.0,,,,,,,,,,
J3,STEELPLATE_INTER-1-M-2,MISES,min,3.633,3.633,,,,,,,,,,,0.0,,,,,,,,,,
J3,STEELPLATE_INTER-1-M-2,MISES,n_values,1028,1028,,,,,,,,,,,,,,,,,,,,,
J3,STEELPLATE_INTER-1-M-2,MISES,p95,99.085,99.085,,,,,,,,,,,0.0,,,,,,,,,,
J3,STEELPLATE_INTER-1-M-2,S11,max,47.39,47.39,,,,,,,,,,,0.0,,,,,,,,,,
J3,STEELPLATE_INTER-1-M-2,S11,mean,-0.254,-0.254,,,,,,,,,,,0.0,,,,,,,,,,
J3,STEELPLATE_INTER-1-M-2,S11,min,-37.281,-37.281,,,,,,,,,,,0.0,,,,,,,,,,
J3,STEELPLATE_INTER-1-M-2,S11,n_values,1028,1028,,,,,,,,,,,,,,,,,,,,,
J3,STEELPLATE_INTER-1-M-2,S11,p95,10.457,10.457,,,,,,,,,,,0.0,,,,,,,,,,
J6,DWL_M14-1,MISES,max,75.551,75.551,41.087,37.955,46.838,44.799,42.542,41.342,41.097,41.068,41.087,40.086,0.0,-45.6,-49.8,-38.0,-40.7,-43.7,-45.3,-45.6,-45.6,-45.6,-46.9
J6,DWL_M14-1,MISES,mean,15.327,15.327,9.5,7.157,11.336,10.62,9.923,9.548,9.497,9.495,9.5,8.618,0.0,-38.0,-53.3,-26.0,-30.7,-35.3,-37.7,-38.0,-38.1,-38.0,-43.8
J6,DWL_M14-1,MISES,min,0.0,0.0,0.0,0.0,0.0,0.0,0.0,0.0,0.0,0.0,0.0,0.0,,,,,,,,,,,
J6,DWL_M14-1,MISES,n_values,128,128,128,128,128,128,128,128,128,128,128,128,,,,,,,,,,,
J6,DWL_M14-1,MISES,p95,63.257,63.257,36.898,31.512,41.75,40.088,38.298,37.308,37.031,36.923,36.898,34.903,0.0,-41.7,-50.2,-34.0,-36.6,-39.5,-41.0,-41.5,-41.6,-41.7,-44.8
J6,DWL_M14-1,S11,max,75.524,75.524,40.294,37.363,45.706,43.794,41.668,40.536,40.304,40.276,40.294,39.343,0.0,-46.6,-50.5,-39.5,-42.0,-44.8,-46.3,-46.6,-46.7,-46.6,-47.9
J6,DWL_M14-1,S11,mean,0.04,0.04,0.22,0.642,0.008,0.117,0.199,0.238,0.232,0.223,0.22,0.359,-0.0,448.7,1501.9,-79.7,191.6,396.2,493.5,477.5,457.3,448.7,796.5
J6,DWL_M14-1,S11,min,-75.4,-75.4,-39.304,-35.414,-45.035,-42.943,-40.698,-39.506,-39.292,-39.281,-39.304,-38.028,0.0,47.9,53.0,40.3,43.0,46.0,47.6,47.9,47.9,47.9,49.6
J6,DWL_M14-1,S11,n_values,128,128,128,128,128,128,128,128,128,128,128,128,,,,,,,,,,,
J6,DWL_M14-1,S11,p95,49.724,49.724,28.52,25.934,31.982,30.746,29.357,28.65,28.506,28.502,28.52,28.06,0.0,-42.6,-47.8,-35.7,-38.2,-41.0,-42.4,-42.7,-42.7,-42.6,-43.6
J6,DWL_M14-10,MISES,max,116.766,116.766,154.837,139.455,170.042,164.373,158.768,155.553,154.997,154.849,154.837,149.251,0.0,32.6,19.4,45.6,40.8,36.0,33.2,32.7,32.6,32.6,27.8
J6,DWL_M14-10,MISES,mean,41.82,41.82,29.89,27.405,33.345,32.265,31.04,30.294,30.046,29.925,29.89,28.908,0.0,-28.5,-34.5,-20.3,-22.8,-25.8,-27.6,-28.2,-28.4,-28.5,-30.9
J6,DWL_M14-10,MISES,min,0.0,0.0,0.0,0.0,0.0,0.0,0.0,0.0,0.0,0.0,0.0,0.0,,,,,,,,,,,
J6,DWL_M14-10,MISES,n_values,128,128,128,128,128,128,128,128,128,128,128,128,,,,,,,,,,,
J6,DWL_M14-10,MISES,p95,95.102,95.102,86.738,80.898,89.641,88.157,86.975,86.318,86.484,86.662,86.738,84.845,0.0,-8.8,-14.9,-5.7,-7.3,-8.5,-9.2,-9.1,-8.9,-8.8,-10.8
J6,DWL_M14-10,S11,max,116.76,116.76,154.587,139.28,169.67,164.039,158.478,155.287,154.741,154.598,154.587,149.032,0.0,32.4,19.3,45.3,40.5,35.7,33.0,32.5,32.4,32.4,27.6
J6,DWL_M14-10,S11,mean,4.377,4.377,7.027,6.465,7.131,7.017,6.963,6.94,6.983,7.015,7.027,6.856,-0.0,60.5,47.7,62.9,60.3,59.1,58.6,59.5,60.3,60.5,56.6
J6,DWL_M14-10,S11,min,-95.831,-95.831,-145.826,-131.418,-160.842,-155.401,-149.901,-146.717,-146.076,-145.863,-145.826,-140.522,0.0,-52.2,-37.1,-67.8,-62.2,-56.4,-53.1,-52.4,-52.2,-52.2,-46.6
J6,DWL_M14-10,S11,n_values,128,128,128,128,128,128,128,128,128,128,128,128,,,,,,,,,,,
J6,DWL_M14-10,S11,p95,91.769,91.769,74.971,69.67,78.01,76.576,75.372,74.694,74.788,74.914,74.971,73.22,0.0,-18.3,-24.1,-15.0,-16.6,-17.9,-18.6,-18.5,-18.4,-18.3,-20.2
J6,DWL_M14-11,MISES,max,117.925,117.925,88.48,84.093,91.47,90.092,88.921,88.256,88.329,88.433,88.48,87.093,0.0,-25.0,-28.7,-22.4,-23.6,-24.6,-25.2,-25.1,-25.0,-25.0,-26.1
J6,DWL_M14-11,MISES,mean,27.98,27.98,18.957,18.564,18.787,18.428,18.355,18.526,18.751,18.903,18.957,18.954,-0.0,-32.2,-33.7,-32.9,-34.1,-34.4,-33.8,-33.0,-32.4,-32.2,-32.3
J6,DWL_M14-11,MISES,min,0.0,0.0,0.0,0.0,0.0,0.0,0.0,0.0,0.0,0.0,0.0,0.0,,,,,,,,,,,
J6,DWL_M14-11,MISES,n_values,128,128,128,128,128,128,128,128,128,128,128,128,,,,,,,,,,,
J6,DWL_M14-11,MISES,p95,101.708,101.708,70.565,68.021,71.415,70.947,70.608,70.373,70.462,70.537,70.565,69.731,0.0,-30.6,-33.1,-29.8,-30.2,-30.6,-30.8,-30.7,-30.6,-30.6,-31.4
J6,DWL_M14-11,S11,max,117.839,117.839,88.266,83.94,91.234,89.873,88.71,88.05,88.119,88.22,88.266,86.898,0.0,-25.1,-28.8,-22.6,-23.7,-24.7,-25.3,-25.2,-25.1,-25.1,-26.3
J6,DWL_M14-11,S11,mean,0.399,0.399,0.63,0.649,0.67,0.662,0.647,0.636,0.632,0.63,0.63,0.639,0.0,57.8,62.5,67.8,65.9,62.2,59.4,58.3,57.9,57.8,60.1
J6,DWL_M14-11,S11,min,-116.47,-116.47,-87.406,-83.121,-89.993,-88.71,-87.676,-87.101,-87.22,-87.351,-87.406,-86.073,0.0,25.0,28.6,22.7,23.8,24.7,25.2,25.1,25.0,25.0,26.1
J6,DWL_M14-11,S11,n_values,128,128,128,128,128,128,128,128,128,128,128,128,,,,,,,,,,,
J6,DWL_M14-11,S11,p95,88.294,88.294,52.657,50.883,53.417,53.034,52.734,52.529,52.585,52.636,52.657,52.051,0.0,-40.4,-42.4,-39.5,-39.9,-40.3,-40.5,-40.4,-40.4,-40.4,-41.0
J6,DWL_M14-12,MISES,max,108.911,108.911,125.67,112.615,124.632,122.527,122.401,122.68,124.199,125.278,125.67,122.03,0.0,15.4,3.4,14.4,12.5,12.4,12.6,14.0,15.0,15.4,12.0
J6,DWL_M14-12,MISES,mean,38.824,38.824,28.213,26.697,26.536,26.647,27.155,27.49,27.875,28.126,28.213,27.87,-0.0,-27.3,-31.2,-31.7,-31.4,-30.1,-29.2,-28.2,-27.6,-27.3,-28.2
J6,DWL_M14-12,MISES,min,0.0,0.0,0.0,0.0,0.0,0.0,0.0,0.0,0.0,0.0,0.0,0.0,,,,,,,,,,,
J6,DWL_M14-12,MISES,n_values,128,128,128,128,128,128,128,128,128,128,128,128,,,,,,,,,,,
J6,DWL_M14-12,MISES,p95,95.845,95.845,75.9,69.578,77.155,76.185,75.642,75.311,75.599,75.819,75.9,73.783,0.0,-20.8,-27.4,-19.5,-20.5,-21.1,-21.4,-21.1,-20.9,-20.8,-23.0
J6,DWL_M14-12,S11,max,96.231,96.231,119.815,107.948,117.957,116.202,116.385,116.831,118.358,119.428,119.815,116.591,0.0,24.5,12.2,22.6,20.8,20.9,21.4,23.0,24.1,24.5,21.2
J6,DWL_M14-12,S11,mean,-3.821,-3.821,-5.433,-4.803,-5.551,-5.458,-5.408,-5.375,-5.403,-5.425,-5.433,-5.224,-0.0,-42.2,-25.7,-45.3,-42.8,-41.5,-40.7,-41.4,-42.0,-42.2,-36.7
J6,DWL_M14-12,S11,min,-108.909,-108.909,-125.57,-112.542,-124.579,-122.472,-122.332,-122.601,-124.109,-125.18,-125.57,-121.934,0.0,-15.3,-3.3,-14.4,-12.5,-12.3,-12.6,-14.0,-14.9,-15.3,-12.0
J6,DWL_M14-12,S11,n_values,128,128,128,128,128,128,128,128,128,128,128,128,,,,,,,,,,,
J6,DWL_M14-12,S11,p95,77.921,77.921,53.2,50.274,45.484,45.112,48.067,50.494,52.15,52.92,53.2,53.14,0.0,-31.7,-35.5,-41.6,-42.1,-38.3,-35.2,-33.1,-32.1,-31.7,-31.8
J6,DWL_M14-2,MISES,max,78.53,78.53,63.706,54.839,66.927,65.507,64.407,63.704,63.718,63.716,63.706,59.858,0.0,-18.9,-30.2,-14.8,-16.6,-18.0,-18.9,-18.9,-18.9,-18.9,-23.8
J6,DWL_M14-2,MISES,mean,17.187,17.187,10.474,8.974,11.063,10.777,10.567,10.451,10.463,10.472,10.474,9.825,0.0,-39.1,-47.8,-35.6,-37.3,-38.5,-39.2,-39.1,-39.1,-39.1,-42.8
J6,DWL_M14-2,MISES,min,0.0,0.0,0.0,0.0,0.0,0.0,0.0,0.0,0.0,0.0,0.0,0.0,,,,,,,,,,,
J6,DWL_M14-2,MISES,n_values,128,128,128,128,128,128,128,128,128,128,128,128,,,,,,,,,,,
J6,DWL_M14-2,MISES,p95,68.336,68.336,43.289,34.505,45.673,44.91,44.2,43.653,43.501,43.358,43.289,39.371,0.0,-36.7,-49.5,-33.2,-34.3,-35.3,-36.1,-36.3,-36.6,-36.7,-42.4
J6,DWL_M14-2,S11,max,78.205,78.205,62.715,53.271,65.774,64.479,63.491,62.813,62.791,62.746,62.715,58.559,0.0,-19.8,-31.9,-15.9,-17.6,-18.8,-19.7,-19.7,-19.8,-19.8,-25.1
J6,DWL_M14-2,S11,mean,-0.081,-0.081,-0.163,-0.493,-0.233,-0.188,-0.139,-0.127,-0.138,-0.155,-0.163,-0.335,-0.0,-102.4,-511.1,-189.2,-132.8,-71.9,-57.3,-71.2,-92.0,-102.4,-315.5
J6,DWL_M14-2,S11,min,-78.505,-78.505,-63.19,-54.459,-66.383,-64.988,-63.9,-63.203,-63.209,-63.202,-63.19,-59.401,0.0,19.5,30.6,15.4,17.2,18.6,19.5,19.5,19.5,19.5,24.3
J6,DWL_M14-2,S11,n_values,128,128,128,128,128,128,128,128,128,128,128,128,,,,,,,,,,,
J6,DWL_M14-2,S11,p95,53.367,53.367,28.021,22.855,28.983,28.688,28.462,28.21,28.148,28.065,28.021,25.613,0.0,-47.5,-57.2,-45.7,-46.2,-46.7,-47.1,-47.3,-47.4,-47.5,-52.0
J6,DWL_M14-3,MISES,max,88.502,88.502,53.685,45.205,55.806,54.478,53.982,53.731,53.78,53.729,53.685,50.086,0.0,-39.3,-48.9,-36.9,-38.4,-39.0,-39.3,-39.2,-39.3,-39.3,-43.4
J6,DWL_M14-3,MISES,mean,21.445,21.445,10.692,9.58,10.89,10.858,10.908,10.889,10.813,10.731,10.692,9.963,-0.0,-50.1,-55.3,-49.2,-49.4,-49.1,-49.2,-49.6,-50.0,-50.1,-53.5
J6,DWL_M14-3,MISES,min,0.0,0.0,0.0,0.0,0.0,0.0,0.0,0.0,0.0,0.0,0.0,0.0,,,,,,,,,,,
J6,DWL_M14-3,MISES,n_values,128,128,128,128,128,128,128,128,128,128,128,128,,,,,,,,,,,
J6,DWL_M14-3,MISES,p95,72.282,72.282,44.939,33.918,47.979,46.736,45.948,45.43,45.247,45.043,44.939,40.029,0.0,-37.8,-53.1,-33.6,-35.3,-36.4,-37.1,-37.4,-37.7,-37.8,-44.6
J6,DWL_M14-3,S11,max,87.088,87.088,48.25,39.642,50.661,49.152,48.496,48.194,48.279,48.274,48.25,44.73,0.0,-44.6,-54.5,-41.8,-43.6,-44.3,-44.7,-44.6,-44.6,-44.6,-48.6
J6,DWL_M14-3,S11,mean,-0.386,-0.386,-1.849,-2.055,-1.624,-1.773,-1.88,-1.912,-1.888,-1.861,-1.849,-1.857,-0.0,-379.5,-432.7,-321.0,-359.8,-387.5,-395.8,-389.4,-382.6,-379.5,-381.4
J6,DWL_M14-3,S11,min,-88.491,-88.491,-53.137,-44.847,-55.174,-53.933,-53.468,-53.219,-53.249,-53.186,-53.137,-49.611,0.0,40.0,49.3,37.6,39.1,39.6,39.9,39.8,39.9,40.0,43.9
J6,DWL_M14-3,S11,n_values,128,128,128,128,128,128,128,128,128,128,128,128,,,,,,,,,,,
J6,DWL_M14-3,S11,p95,55.912,55.912,33.463,25.972,35.734,34.534,33.882,33.552,33.541,33.495,33.463,30.568,0.0,-40.2,-53.5,-36.1,-38.2,-39.4,-40.0,-40.0,-40.1,-40.2,-45.3
J6,DWL_M14-4,MISES,max,67.387,67.387,27.43,28.923,27.409,27.439,27.343,27.322,27.354,27.405,27.43,27.973,0.0,-59.3,-57.1,-59.3,-59.3,-59.4,-59.5,-59.4,-59.3,-59.3,-58.5
J6,DWL_M14-4,MISES,mean,13.389,13.389,6.991,5.814,7.903,7.508,7.151,6.967,6.965,6.982,6.991,6.552,0.0,-47.8,-56.6,-41.0,-43.9,-46.6,-48.0,-48.0,-47.9,-47.8,-51.1
J6,DWL_M14-4,MISES,min,0.0,0.0,0.0,0.0,0.0,0.0,0.0,0.0,0.0,0.0,0.0,0.0,,,,,,,,,,,
J6,DWL_M14-4,MISES,n_values,128,128,128,128,128,128,128,128,128,128,128,128,,,,,,,,,,,
J6,DWL_M14-4,MISES,p95,60.151,60.151,22.086,24.79,21.957,22.267,22.046,22.009,22.03,22.067,22.086,22.447,0.0,-63.3,-58.8,-63.5,-63.0,-63.3,-63.4,-63.4,-63.3,-63.3,-62.7
J6,DWL_M14-4,S11,max,67.386,67.386,27.43,28.923,27.407,27.438,27.343,27.321,27.354,27.405,27.43,27.972,0.0,-59.3,-57.1,-59.3,-59.3,-59.4,-59.5,-59.4,-59.3,-59.3,-58.5
J6,DWL_M14-4,S11,mean,0.204,0.204,1.947,1.487,2.204,2.085,1.985,1.931,1.935,1.943,1.947,1.787,-0.0,853.3,628.2,979.1,921.2,871.9,845.7,847.8,851.5,853.3,775.2
J6,DWL_M14-4,S11,min,-66.657,-66.657,-23.034,-25.672,-22.382,-22.696,-22.843,-22.953,-22.979,-23.016,-23.034,-23.981,0.0,65.4,61.5,66.4,66.0,65.7,65.6,65.5,65.5,65.4,64.0
J6,DWL_M14-4,S11,n_values,128,128,128,128,128,128,128,128,128,128,128,128,,,,,,,,,,,
J6,DWL_M14-4,S11,p95,47.603,47.603,19.516,21.187,21.129,21.682,19.322,19.315,19.391,19.477,19.516,20.232,0.0,-59.0,-55.5,-55.6,-54.5,-59.4,-59.4,-59.3,-59.1,-59.0,-57.5
J6,DWL_M14-5,MISES,max,73.278,73.278,38.672,39.774,36.859,38.114,38.941,39.145,38.953,38.758,38.672,38.648,0.0,-47.2,-45.7,-49.7,-48.0,-46.9,-46.6,-46.8,-47.1,-47.2,-47.3
J6,DWL_M14-5,MISES,mean,15.505,15.505,7.159,7.267,7.067,7.095,7.131,7.148,7.156,7.159,7.159,7.162,0.0,-53.8,-53.1,-54.4,-54.2,-54.0,-53.9,-53.8,-53.8,-53.8,-53.8
J6,DWL_M14-5,MISES,min,0.0,0.0,0.0,0.0,0.0,0.0,0.0,0.0,0.0,0.0,0.0,0.0,,,,,,,,,,,
J6,DWL_M14-5,MISES,n_values,128,128,128,128,128,128,128,128,128,128,128,128,,,,,,,,,,,
J6,DWL_M14-5,MISES,p95,66.059,66.059,30.584,29.081,30.073,30.708,31.028,31.007,30.83,30.659,30.584,29.546,0.0,-53.7,-56.0,-54.5,-53.5,-53.0,-53.1,-53.3,-53.6,-53.7,-55.3
J6,DWL_M14-5,S11,max,73.278,73.278,38.65,39.774,36.792,38.073,38.916,39.125,38.933,38.736,38.65,38.641,0.0,-47.3,-45.7,-49.8,-48.0,-46.9,-46.6,-46.9,-47.1,-47.3,-47.3
J6,DWL_M14-5,S11,mean,0.234,0.234,0.932,0.9,0.91,0.918,0.93,0.934,0.934,0.933,0.932,0.93,0.0,299.0,285.2,289.5,292.9,298.0,299.9,299.9,299.4,299.0,298.3
J6,DWL_M14-5,S11,min,-72.412,-72.412,-36.615,-37.821,-34.755,-36.057,-36.879,-37.081,-36.891,-36.699,-36.615,-36.614,0.0,49.4,47.8,52.0,50.2,49.1,48.8,49.1,49.3,49.4,49.4
J6,DWL_M14-5,S11,n_values,128,128,128,128,128,128,128,128,128,128,128,128,,,,,,,,,,,
J6,DWL_M14-5,S11,p95,52.232,52.232,20.843,20.253,20.295,20.754,21.034,21.064,20.977,20.885,20.843,20.392,0.0,-60.1,-61.2,-61.1,-60.3,-59.7,-59.7,-59.8,-60.0,-60.1,-61.0
J6,DWL_M14-6,MISES,max,84.971,84.971,38.791,37.909,38.453,39.372,39.805,39.782,39.347,38.956,38.791,38.12,0.0,-54.3,-55.4,-54.7,-53.7,-53.2,-53.2,-53.7,-54.2,-54.3,-55.1
J6,DWL_M14-6,MISES,mean,20.396,20.396,8.274,8.752,7.717,8.208,8.54,8.603,8.458,8.328,8.274,8.235,0.0,-59.4,-57.1,-62.2,-59.8,-58.1,-57.8,-58.5,-59.2,-59.4,-59.6
J6,DWL_M14-6,MISES,min,0.0,0.0,0.0,0.0,0.0,0.0,0.0,0.0,0.0,0.0,0.0,0.0,,,,,,,,,,,
J6,DWL_M14-6,MISES,n_values,128,128,128,128,128,128,128,128,128,128,128,128,,,,,,,,,,,
J6,DWL_M14-6,MISES,p95,72.025,72.025,36.183,33.517,33.888,35.958,37.134,37.282,36.798,36.364,36.183,35.243,0.0,-49.8,-53.5,-52.9,-50.1,-48.4,-48.2,-48.9,-49.5,-49.8,-51.1
J6,DWL_M14-6,S11,max,84.967,84.967,37.379,36.458,36.606,37.823,38.442,38.381,37.947,37.55,37.379,35.981,0.0,-56.0,-57.1,-56.9,-55.5,-54.8,-54.8,-55.3,-55.8,-56.0,-57.7
J6,DWL_M14-6,S11,mean,0.401,0.401,-0.744,-0.268,-0.928,-0.81,-0.734,-0.703,-0.722,-0.738,-0.744,-0.591,-0.0,-285.6,-166.8,-331.5,-302.0,-283.1,-275.4,-280.1,-284.1,-285.6,-247.4
J6,DWL_M14-6,S11,min,-83.44,-83.44,-38.784,-37.889,-38.453,-39.372,-39.805,-39.779,-39.343,-38.95,-38.784,-38.12,0.0,53.5,54.6,53.9,52.8,52.3,52.3,52.8,53.3,53.5,54.3
J6,DWL_M14-6,S11,n_values,128,128,128,128,128,128,128,128,128,128,128,128,,,,,,,,,,,
J6,DWL_M14-6,S11,p95,57.008,57.008,25.895,25.151,24.849,25.951,26.56,26.599,26.29,26.013,25.895,25.333,0.0,-54.6,-55.9,-56.4,-54.5,-53.4,-53.3,-53.9,-54.4,-54.6,-55.6
J6,DWL_M14-7,MISES,max,101.549,101.549,151.7,137.664,166.15,160.911,155.607,152.537,151.926,151.731,151.7,146.657,0.0,49.4,35.6,63.6,58.5,53.2,50.2,49.6,49.4,49.4,44.4
J6,DWL_M14-7,MISES,mean,37.614,37.614,28.982,27.581,30.866,30.29,29.619,29.2,29.065,29.001,28.982,28.427,0.0,-22.9,-26.7,-17.9,-19.5,-21.3,-22.4,-22.7,-22.9,-22.9,-24.4
J6,DWL_M14-7,MISES,min,0.0,0.0,0.0,0.0,0.0,0.0,0.0,0.0,0.0,0.0,0.0,0.0,,,,,,,,,,,
J6,DWL_M14-7,MISES,n_values,128,128,128,128,128,128,128,128,128,128,128,128,,,,,,,,,,,
J6,DWL_M14-7,MISES,p95,88.869,88.869,85.058,80.435,88.13,86.635,85.352,84.639,84.813,84.986,85.058,83.61,0.0,-4.3,-9.5,-0.8,-2.5,-4.0,-4.8,-4.6,-4.4,-4.3,-5.9
J6,DWL_M14-7,S11,max,101.547,101.547,134.937,122.248,147.617,142.952,138.283,135.593,135.096,134.954,134.937,130.404,0.0,32.9,20.4,45.4,40.8,36.2,33.5,33.0,32.9,32.9,28.4
J6,DWL_M14-7,S11,mean,0.563,0.563,-5.165,-4.568,-6.118,-5.82,-5.481,-5.281,-5.211,-5.175,-5.165,-4.928,-0.0,-1018.0,-912.0,-1187.5,-1134.4,-1074.1,-1038.7,-1026.1,-1019.8,-1018.0,-975.9
J6,DWL_M14-7,S11,min,-100.035,-100.035,-151.672,-137.651,-166.129,-160.892,-155.586,-152.515,-151.901,-151.703,-151.672,-146.632,0.0,-51.6,-37.6,-66.1,-60.8,-55.5,-52.5,-51.8,-51.6,-51.6,-46.6
J6,DWL_M14-7,S11,n_values,128,128,128,128,128,128,128,128,128,128,128,128,,,,,,,,,,,
J6,DWL_M14-7,S11,p95,75.01,75.01,71.411,68.611,70.066,70.003,70.344,70.564,70.998,71.3,71.411,70.69,0.0,-4.8,-8.5,-6.6,-6.7,-6.2,-5.9,-5.3,-4.9,-4.8,-5.8
J6,DWL_M14-8,MISES,max,99.317,99.317,69.817,72.976,68.795,69.576,69.99,70.157,70.0,69.87,69.817,70.87,0.0,-29.7,-26.5,-30.7,-29.9,-29.5,-29.4,-29.5,-29.7,-29.7,-28.6
J6,DWL_M14-8,MISES,mean,23.117,23.117,17.514,18.374,16.079,16.113,16.633,17.069,17.318,17.465,17.514,17.956,-0.0,-24.2,-20.5,-30.4,-30.3,-28.1,-26.2,-25.1,-24.4,-24.2,-22.3
J6,DWL_M14-8,MISES,min,0.0,0.0,0.0,0.0,0.0,0.0,0.0,0.0,0.0,0.0,0.0,0.0,,,,,,,,,,,
J6,DWL_M14-8,MISES,n_values,128,128,128,128,128,128,128,128,128,128,128,128,,,,,,,,,,,
J6,DWL_M14-8,MISES,p95,90.112,90.112,63.758,65.079,65.023,65.143,64.782,64.452,64.089,63.846,63.758,64.029,0.0,-29.2,-27.8,-27.8,-27.7,-28.1,-28.5,-28.9,-29.1,-29.2,-28.9
J6,DWL_M14-8,S11,max,98.68,98.68,66.59,69.131,68.264,68.474,67.993,67.581,67.063,66.715,66.59,67.239,0.0,-32.5,-29.9,-30.8,-30.6,-31.1,-31.5,-32.0,-32.4,-32.5,-31.9
J6,DWL_M14-8,S11,mean,-0.146,-0.146,-1.268,-1.55,0.012,-0.256,-0.681,-0.958,-1.13,-1.234,-1.268,-1.456,0.0,-767.9,-960.8,108.4,-75.3,-366.1,-555.2,-673.2,-744.2,-767.9,-896.5
J6,DWL_M14-8,S11,min,-99.317,-99.317,-69.817,-72.963,-68.795,-69.576,-69.989,-70.156,-69.999,-69.869,-69.817,-70.867,0.0,29.7,26.5,30.7,29.9,29.5,29.4,29.5,29.7,29.7,28.6
J6,DWL_M14-8,S11,n_values,128,128,128,128,128,128,128,128,128,128,128,128,,,,,,,,,,,
J6,DWL_M14-8,S11,p95,76.977,76.977,49.986,50.208,51.17,51.185,50.83,50.506,50.229,50.049,49.986,49.935,0.0,-35.1,-34.8,-33.5,-33.5,-34.0,-34.4,-34.7,-35.0,-35.1,-35.1
J6,DWL_M14-9,MISES,max,94.998,94.998,129.852,118.277,127.808,126.107,126.349,126.857,128.393,129.465,129.852,126.652,0.0,36.7,24.5,34.5,32.7,33.0,33.5,35.2,36.3,36.7,33.3
J6,DWL_M14-9,MISES,mean,37.516,37.516,31.969,31.275,30.508,30.808,31.293,31.554,31.782,31.922,31.969,31.821,-0.0,-14.8,-16.6,-18.7,-17.9,-16.6,-15.9,-15.3,-14.9,-14.8,-15.2
J6,DWL_M14-9,MISES,min,0.0,0.0,0.0,0.0,0.0,0.0,0.0,0.0,0.0,0.0,0.0,0.0,,,,,,,,,,,
J6,DWL_M14-9,MISES,n_values,128,128,128,128,128,128,128,128,128,128,128,128,,,,,,,,,,,
J6,DWL_M14-9,MISES,p95,89.038,89.038,81.563,75.8,82.429,81.592,81.106,80.885,81.222,81.471,81.563,79.686,0.0,-8.4,-14.9,-7.4,-8.4,-8.9,-9.2,-8.8,-8.5,-8.4,-10.5
J6,DWL_M14-9,S11,max,88.763,88.763,129.838,118.227,127.807,126.103,126.339,126.844,128.38,129.452,129.838,126.628,0.0,46.3,33.2,44.0,42.1,42.3,42.9,44.6,45.8,46.3,42.7
J6,DWL_M14-9,S11,mean,-1.15,-1.15,4.192,3.8,4.148,4.046,4.034,4.057,4.125,4.174,4.192,4.101,0.0,464.5,430.4,460.6,451.7,450.8,452.8,458.7,462.9,464.5,456.6
J6,DWL_M14-9,S11,min,-94.996,-94.996,-114.715,-104.016,-113.213,-111.58,-111.68,-112.066,-113.421,-114.372,-114.715,-111.724,0.0,-20.8,-9.5,-19.2,-17.5,-17.6,-18.0,-19.4,-20.4,-20.8,-17.6
J6,DWL_M14-9,S11,n_values,128,128,128,128,128,128,128,128,128,128,128,128,,,,,,,,,,,
J6,DWL_M14-9,S11,p95,80.144,80.144,75.43,70.473,76.526,75.765,75.297,75.008,75.211,75.37,75.43,73.766,0.0,-5.9,-12.1,-4.5,-5.5,-6.0,-6.4,-6.2,-6.0,-5.9,-8.0
J6,DWL_M16-13,MISES,max,526.405,526.405,507.462,523.647,453.876,467.101,485.506,496.313,502.584,506.249,507.462,515.466,0.0,-3.6,-0.5,-13.8,-11.3,-7.8,-5.7,-4.5,-3.8,-3.6,-2.1
J6,DWL_M16-13,MISES,mean,104.684,104.684,101.548,98.644,100.775,100.184,100.176,100.659,101.115,101.437,101.548,101.147,-0.0,-3.0,-5.8,-3.7,-4.3,-4.3,-3.8,-3.4,-3.1,-3.0,-3.4
J6,DWL_M16-13,MISES,min,0.0,0.0,0.0,0.0,0.0,0.0,0.0,0.0,0.0,0.0,0.0,0.0,0.0,-2.8,-8.5,5.2,2.3,-1.2,-2.4,-2.7,-2.8,-2.8,-3.7
J6,DWL_M16-13,MISES,n_values,120,120,120,120,120,120,120,120,120,120,120,120,,,,,,,,,,,
J6,DWL_M16-13,MISES,p95,348.494,348.494,336.153,344.172,302.914,309.809,321.241,328.577,332.885,335.355,336.153,340.866,0.0,-3.5,-1.2,-13.1,-11.1,-7.8,-5.7,-4.5,-3.8,-3.5,-2.2
J6,DWL_M16-13,S11,max,515.394,515.394,496.689,512.703,444.84,457.289,474.91,485.505,491.763,495.459,496.689,504.897,0.0,-3.6,-0.5,-13.7,-11.3,-7.9,-5.8,-4.6,-3.9,-3.6,-2.0
J6,DWL_M16-13,S11,mean,-1.688,-1.688,-1.661,-1.761,-1.027,-1.295,-1.571,-1.654,-1.669,-1.664,-1.661,-1.61,0.0,1.6,-4.3,39.2,23.3,7.0,2.0,1.1,1.4,1.6,4.6
J6,DWL_M16-13,S11,min,-524.765,-524.765,-505.837,-522.391,-451.327,-464.835,-483.588,-494.559,-500.909,-504.613,-505.837,-513.936,0.0,3.6,0.5,14.0,11.4,7.8,5.8,4.5,3.8,3.6,2.1
J6,DWL_M16-13,S11,n_values,120,120,120,120,120,120,120,120,120,120,120,120,,,,,,,,,,,
J6,DWL_M16-13,S11,p95,247.165,247.165,240.71,234.028,253.422,253.007,244.564,241.625,240.81,240.693,240.71,237.011,0.0,-2.6,-5.3,2.5,2.4,-1.1,-2.2,-2.6,-2.6,-2.6,-4.1
J6,DWL_M16-14,MISES,max,405.53,405.53,392.571,390.928,371.547,376.706,383.99,388.272,390.705,392.109,392.571,393.82,0.0,-3.2,-3.6,-8.4,-7.1,-5.3,-4.3,-3.7,-3.3,-3.2,-2.9
J6,DWL_M16-14,MISES,mean,70.673,70.673,68.393,68.124,65.013,65.554,66.634,67.441,67.965,68.286,68.393,68.665,-0.0,-3.2,-3.6,-8.0,-7.2,-5.7,-4.6,-3.8,-3.4,-3.2,-2.8
J6,DWL_M16-14,MISES,min,0.0,0.0,0.0,0.0,0.0,0.0,0.0,0.0,0.0,0.0,0.0,0.0,-0.0,-6.5,14.4,-28.3,-29.4,-23.9,-17.1,-11.6,-7.8,-6.5,3.7
J6,DWL_M16-14,MISES,n_values,120,120,120,120,120,120,120,120,120,120,120,120,,,,,,,,,,,
J6,DWL_M16-14,MISES,p95,322.345,322.345,311.955,311.218,294.139,298.104,304.252,308.072,310.277,311.544,311.955,313.248,0.0,-3.2,-3.5,-8.8,-7.5,-5.6,-4.4,-3.7,-3.4,-3.2,-2.8
J6,DWL_M16-14,S11,max,404.3,404.3,391.304,390.085,369.777,374.937,382.371,386.807,389.349,390.82,391.304,392.759,0.0,-3.2,-3.5,-8.5,-7.3,-5.4,-4.3,-3.7,-3.3,-3.2,-2.9
J6,DWL_M16-14,S11,mean,-0.139,-0.139,-0.154,-0.059,-0.231,-0.253,-0.236,-0.203,-0.177,-0.16,-0.154,-0.1,-0.0,-11.0,57.7,-66.7,-82.0,-69.6,-46.3,-27.5,-15.2,-11.0,28.2
J6,DWL_M16-14,S11,min,-404.843,-404.843,-391.898,-390.337,-370.724,-375.928,-383.269,-387.579,-390.024,-391.435,-391.898,-393.167,0.0,3.2,3.6,8.4,7.1,5.3,4.3,3.7,3.3,3.2,2.9
J6,DWL_M16-14,S11,n_values,120,120,120,120,120,120,120,120,120,120,120,120,,,,,,,,,,,
J6,DWL_M16-14,S11,p95,249.789,249.789,241.661,241.348,227.781,230.714,235.463,238.499,240.285,241.322,241.661,242.852,0.0,-3.3,-3.4,-8.8,-7.6,-5.7,-4.5,-3.8,-3.4,-3.3,-2.8
J6,DWL_M16-15,MISES,max,619.873,619.873,600.646,594.631,575.098,582.16,590.953,595.82,598.532,600.116,600.646,601.109,0.0,-3.1,-4.1,-7.2,-6.1,-4.7,-3.9,-3.4,-3.2,-3.1,-3.0
J6,DWL_M16-15,MISES,mean,117.081,117.081,113.827,109.418,114.103,114.345,114.24,114.068,113.929,113.851,113.827,112.774,-0.0,-2.8,-6.5,-2.5,-2.3,-2.4,-2.6,-2.7,-2.8,-2.8,-3.7
J6,DWL_M16-15,MISES,min,0.0,0.0,0.0,0.0,0.0,0.0,0.0,0.0,0.0,0.0,0.0,0.0,0.0,-2.0,-12.3,7.9,6.4,3.0,0.6,-0.8,-1.7,-2.0,-5.3
J6,DWL_M16-15,MISES,n_values,120,120,120,120,120,120,120,120,120,120,120,120,,,,,,,,,,,
J6,DWL_M16-15,MISES,p95,453.916,453.916,439.705,436.132,419.429,424.7,431.669,435.694,437.961,439.273,439.705,440.397,0.0,-3.1,-3.9,-7.6,-6.4,-4.9,-4.0,-3.5,-3.2,-3.1,-3.0
J6,DWL_M16-15,S11,max,617.37,617.37,598.189,592.467,572.258,579.408,588.341,593.288,596.045,597.653,598.189,598.742,0.0,-3.1,-4.0,-7.3,-6.1,-4.7,-3.9,-3.5,-3.2,-3.1,-3.0
J6,DWL_M16-15,S11,mean,5.686,5.686,5.493,5.519,5.153,5.203,5.314,5.398,5.451,5.483,5.493,5.542,0.0,-3.4,-2.9,-9.4,-8.5,-6.5,-5.1,-4.1,-3.6,-3.4,-2.5
J6,DWL_M16-15,S11,min,-591.311,-591.311,-572.988,-567.342,-548.356,-555.318,-563.824,-568.45,-571.004,-572.491,-572.988,-573.396,0.0,3.1,4.1,7.3,6.1,4.6,3.9,3.4,3.2,3.1,3.0
J6,DWL_M16-15,S11,n_values,120,120,120,120,120,120,120,120,120,120,120,120,,,,,,,,,,,
J6,DWL_M16-15,S11,p95,376.46,376.46,364.674,361.454,348.3,352.272,357.888,361.253,363.182,364.304,364.674,365.239,0.0,-3.1,-4.0,-7.5,-6.4,-4.9,-4.0,-3.5,-3.2,-3.1,-3.0
J6,DWL_M16-16,MISES,max,202.315,202.315,201.844,171.154,202.881,209.363,211.324,208.746,205.532,202.886,201.844,185.818,0.0,-0.2,-15.4,0.3,3.5,4.5,3.2,1.6,0.3,-0.2,-8.2
J6,DWL_M16-16,MISES,mean,55.144,55.144,54.229,50.45,50.571,52.322,54.035,54.485,54.465,54.313,54.229,52.051,0.0,-1.7,-8.5,-8.3,-5.1,-2.0,-1.2,-1.2,-1.5,-1.7,-5.6
J6,DWL_M16-16,MISES,min,0.0,0.0,0.0,0.0,0.0,0.0,0.0,0.0,0.0,0.0,0.0,0.0,0.0,-6.5,-15.0,-43.3,-35.9,-23.5,-15.4,-10.4,-7.4,-6.5,-7.5
J6,DWL_M16-16,MISES,n_values,120,120,120,120,120,120,120,120,120,120,120,120,,,,,,,,,,,
J6,DWL_M16-16,MISES,p95,167.712,167.712,167.627,159.39,171.776,175.04,175.896,173.49,170.738,168.506,167.627,153.033,0.0,-0.1,-5.0,2.4,4.4,4.9,3.4,1.8,0.5,-0.1,-8.8
J6,DWL_M16-16,S11,max,193.809,193.809,193.541,162.437,196.665,202.237,203.386,200.508,197.224,194.576,193.541,177.577,0.0,-0.1,-16.2,1.5,4.3,4.9,3.5,1.8,0.4,-0.1,-8.4
J6,DWL_M16-16,S11,mean,-0.507,-0.507,-0.497,-0.6,-0.122,-0.259,-0.42,-0.478,-0.494,-0.497,-0.497,-0.489,0.0,1.9,-18.4,75.9,48.9,17.1,5.6,2.4,1.8,1.9,3.4
J6,DWL_M16-16,S11,min,-195.854,-195.854,-195.521,-164.963,-197.14,-203.208,-204.988,-202.363,-199.168,-196.55,-195.521,-179.597,0.0,0.2,15.8,-0.7,-3.8,-4.7,-3.3,-1.7,-0.4,0.2,8.3
J6,DWL_M16-16,S11,n_values,120,120,120,120,120,120,120,120,120,120,120,120,,,,,,,,,,,
J6,DWL_M16-16,S11,p95,155.943,155.943,155.854,132.545,158.924,163.112,163.798,161.443,158.809,156.687,155.854,142.471,0.0,-0.1,-15.0,1.9,4.6,5.0,3.5,1.8,0.5,-0.1,-8.6
J6,DWL_M16-17,MISES,max,92.349,92.349,87.573,101.591,62.774,68.071,76.579,81.922,85.095,86.956,87.573,93.236,0.0,-5.2,10.0,-32.0,-26.3,-17.1,-11.3,-7.9,-5.8,-5.2,1.0
J6,DWL_M16-17,MISES,mean,23.267,23.267,22.627,22.598,19.8,20.644,21.731,22.259,22.5,22.602,22.627,22.427,0.0,-2.8,-2.9,-14.9,-11.3,-6.6,-4.3,-3.3,-2.9,-2.8,-3.6
J6,DWL_M16-17,MISES,min,0.0,0.0,0.0,0.0,0.0,0.0,0.0,0.0,0.0,0.0,0.0,0.0,0.0,4.2,-35.3,18.6,21.9,19.7,14.3,9.4,5.6,4.2,-16.6
J6,DWL_M16-17,MISES,n_values,120,120,120,120,120,120,120,120,120,120,120,120,,,,,,,,,,,
J6,DWL_M16-17,MISES,p95,78.516,78.516,74.623,85.213,54.718,58.834,65.685,70.05,72.642,74.137,74.623,78.943,0.0,-5.0,8.5,-30.3,-25.1,-16.3,-10.8,-7.5,-5.6,-5.0,0.5
J6,DWL_M16-17,S11,max,90.95,90.95,86.136,100.626,60.323,65.749,74.598,80.203,83.549,85.498,86.136,92.019,0.0,-5.3,10.6,-33.7,-27.7,-18.0,-11.8,-8.1,-6.0,-5.3,1.2
J6,DWL_M16-17,S11,mean,-0.041,-0.041,-0.053,0.009,-0.101,-0.114,-0.103,-0.083,-0.067,-0.057,-0.053,-0.016,0.0,-28.4,121.9,-145.3,-176.0,-151.1,-102.4,-63.2,-37.3,-28.4,61.2
J6,DWL_M16-17,S11,min,-90.859,-90.859,-86.102,-100.325,-60.554,-66.005,-74.786,-80.299,-83.576,-85.479,-86.102,-91.832,0.0,5.2,-10.4,33.4,27.4,17.7,11.6,8.0,5.9,5.2,-1.1
J6,DWL_M16-17,S11,n_values,120,120,120,120,120,120,120,120,120,120,120,120,,,,,,,,,,,
J6,DWL_M16-17,S11,p95,60.604,60.604,57.54,65.901,42.091,45.209,50.499,53.917,55.964,57.152,57.54,61.03,0.0,-5.1,8.7,-30.5,-25.4,-16.7,-11.0,-7.7,-5.7,-5.1,0.7
J6,DWL_M16-18,MISES,max,141.226,141.226,135.119,147.446,131.936,131.373,130.26,129.757,132.72,134.527,135.119,140.215,0.0,-4.3,4.4,-6.6,-7.0,-7.8,-8.1,-6.0,-4.7,-4.3,-0.7
J6,DWL_M16-18,MISES,mean,44.285,44.285,42.776,43.253,40.239,40.806,41.646,42.186,42.512,42.709,42.776,43.229,-0.0,-3.4,-2.3,-9.1,-7.9,-6.0,-4.7,-4.0,-3.6,-3.4,-2.4
J6,DWL_M16-18,MISES,min,0.0,0.0,0.0,0.0,0.0,0.0,0.0,0.0,0.0,0.0,0.0,0.0,0.0,-2.9,-6.5,-2.1,-0.9,-2.0,-2.5,-2.8,-2.9,-2.9,-3.3
J6,DWL_M16-18,MISES,n_values,120,120,120,120,120,120,120,120,120,120,120,120,,,,,,,,,,,
J6,DWL_M16-18,MISES,p95,126.517,126.517,122.815,121.0,109.749,110.208,118.294,122.229,122.902,122.824,122.815,122.274,0.0,-2.9,-4.4,-13.3,-12.9,-6.5,-3.4,-2.9,-2.9,-2.9,-3.4
J6,DWL_M16-18,S11,max,137.356,137.356,131.267,144.317,127.798,127.219,126.135,125.672,128.766,130.651,131.267,136.637,0.0,-4.4,5.1,-7.0,-7.4,-8.2,-8.5,-6.3,-4.9,-4.4,-0.5
J6,DWL_M16-18,S11,mean,1.588,1.588,1.513,1.682,1.181,1.243,1.355,1.431,1.478,1.505,1.513,1.589,0.0,-4.7,5.9,-25.6,-21.7,-14.7,-9.9,-7.0,-5.3,-4.7,0.0
J6,DWL_M16-18,S11,min,-129.941,-129.941,-124.187,-136.566,-122.116,-121.269,-119.711,-118.932,-121.834,-123.607,-124.187,-129.254,0.0,4.4,-5.1,6.0,6.7,7.9,8.5,6.2,4.9,4.4,0.5
J6,DWL_M16-18,S11,n_values,120,120,120,120,120,120,120,120,120,120,120,120,,,,,,,,,,,
J6,DWL_M16-18,S11,p95,110.085,110.085,106.643,105.071,104.689,105.147,104.3,104.709,106.514,106.599,106.643,106.815,0.0,-3.1,-4.6,-4.9,-4.5,-5.3,-4.9,-3.2,-3.2,-3.1,-3.0
J6,DWL_M16-19,MISES,max,201.326,201.326,200.816,183.573,203.93,209.848,211.096,208.06,204.619,201.877,200.816,184.732,0.0,-0.3,-8.8,1.3,4.2,4.9,3.3,1.6,0.3,-0.3,-8.2
J6,DWL_M16-19,MISES,mean,56.737,56.737,55.713,52.305,51.96,53.659,55.354,55.844,55.876,55.775,55.713,53.798,-0.0,-1.8,-7.8,-8.4,-5.4,-2.4,-1.6,-1.5,-1.7,-1.8,-5.2
J6,DWL_M16-19,MISES,min,0.0,0.0,0.0,0.0,0.0,0.0,0.0,0.0,0.0,0.0,0.0,0.0,0.0,-0.3,-15.7,-30.3,-22.5,-9.3,-0.5,1.7,0.3,-0.3,-8.1
J6,DWL_M16-19,MISES,n_values,120,120,120,120,120,120,120,120,120,120,120,120,,,,,,,,,,,
J6,DWL_M16-19,MISES,p95,168.357,168.357,168.16,166.316,173.615,176.65,176.928,174.214,171.323,169.044,168.16,163.153,0.0,-0.1,-1.2,3.1,4.9,5.1,3.5,1.8,0.4,-0.1,-3.1
J6,DWL_M16-19,S11,max,195.34,195.34,194.957,178.47,198.599,204.205,205.21,202.137,198.718,196.006,194.957,178.973,0.0,-0.2,-8.6,1.7,4.5,5.1,3.5,1.7,0.3,-0.2,-8.4
J6,DWL_M16-19,S11,mean,0.567,0.567,0.555,0.678,0.137,0.282,0.458,0.525,0.548,0.554,0.555,0.557,0.0,-2.1,19.6,-75.9,-50.2,-19.3,-7.3,-3.4,-2.3,-2.1,-1.8
J6,DWL_M16-19,S11,min,-192.2,-192.2,-191.918,-175.084,-197.325,-202.371,-202.65,-199.272,-195.736,-192.978,-191.918,-175.848,0.0,0.1,8.9,-2.7,-5.3,-5.4,-3.7,-1.8,-0.4,0.1,8.5
J6,DWL_M16-19,S11,n_values,120,120,120,120,120,120,120,120,120,120,120,120,,,,,,,,,,,
J6,DWL_M16-19,S11,p95,157.684,157.684,157.502,138.008,160.692,165.003,165.707,163.246,160.517,158.346,157.502,152.256,0.0,-0.1,-12.5,1.9,4.6,5.1,3.5,1.8,0.4,-0.1,-3.4
J6,DWL_M16-20,MISES,max,103.775,103.775,98.525,114.571,70.85,76.401,85.697,91.814,95.545,97.778,98.525,105.408,0.0,-5.1,10.4,-31.7,-26.4,-17.4,-11.5,-7.9,-5.8,-5.1,1.6
J6,DWL_M16-20,MISES,mean,25.091,25.091,24.359,24.681,21.167,22.042,23.224,23.845,24.157,24.313,24.359,24.374,-0.0,-2.9,-1.6,-15.6,-12.2,-7.4,-5.0,-3.7,-3.1,-2.9,-2.9
J6,DWL_M16-20,MISES,min,0.0,0.0,0.0,0.0,0.0,0.0,0.0,0.0,0.0,0.0,0.0,0.0,0.0,3.7,-35.0,19.2,22.1,19.3,13.6,8.7,5.1,3.7,-16.4
J6,DWL_M16-20,MISES,n_values,120,120,120,120,120,120,120,120,120,120,120,120,,,,,,,,,,,
J6,DWL_M16-20,MISES,p95,86.434,86.434,82.282,94.315,60.658,65.013,72.353,77.129,80.01,81.715,82.282,87.448,0.0,-4.8,9.1,-29.8,-24.8,-16.3,-10.8,-7.4,-5.5,-4.8,1.2
J6,DWL_M16-20,S11,max,102.166,102.166,96.961,113.078,68.909,74.586,84.082,90.242,93.981,96.214,96.961,103.848,0.0,-5.1,10.7,-32.6,-27.0,-17.7,-11.7,-8.0,-5.8,-5.1,1.6
J6,DWL_M16-20,S11,mean,0.002,0.002,0.017,-0.054,0.069,0.084,0.073,0.052,0.033,0.021,0.017,-0.026,-0.0,948.8,-3409.6,4179.5,5047.8,4418.5,3074.4,1962.8,1212.5,948.8,-1711.6
J6,DWL_M16-20,S11,min,-102.546,-102.546,-97.265,-113.719,-68.874,-74.533,-84.118,-90.388,-94.212,-96.499,-97.265,-104.34,0.0,5.1,-10.9,32.8,27.3,18.0,11.9,8.1,5.9,5.1,-1.7
J6,DWL_M16-20,S11,n_values,120,120,120,120,120,120,120,120,120,120,120,120,,,,,,,,,,,
J6,DWL_M16-20,S11,p95,67.771,67.771,64.498,73.667,47.85,51.112,56.747,60.458,62.711,64.051,64.498,68.522,0.0,-4.8,8.7,-29.4,-24.6,-16.3,-10.8,-7.5,-5.5,-4.8,1.1
J6,DWL_M16-21,MISES,max,157.837,157.837,151.23,165.396,134.152,133.363,138.735,144.784,148.383,150.517,151.23,157.426,0.0,-4.2,4.8,-15.0,-15.5,-12.1,-8.3,-6.0,-4.6,-4.2,-0.3
J6,DWL_M16-21,MISES,mean,46.425,46.425,44.908,45.483,42.16,42.77,43.679,44.269,44.622,44.836,44.908,45.412,-0.0,-3.3,-2.0,-9.2,-7.9,-5.9,-4.6,-3.9,-3.4,-3.3,-2.2
J6,DWL_M16-21,MISES,min,0.0,0.0,0.0,0.0,0.0,0.0,0.0,0.0,0.0,0.0,0.0,0.0,0.0,-2.7,-6.8,0.4,-0.4,-1.5,-2.2,-2.5,-2.7,-2.7,-3.5
J6,DWL_M16-21,MISES,n_values,120,120,120,120,120,120,120,120,120,120,120,120,,,,,,,,,,,
J6,DWL_M16-21,MISES,p95,131.174,131.174,125.919,128.54,116.871,122.793,125.407,124.49,123.954,125.374,125.919,129.843,0.0,-4.0,-2.0,-10.9,-6.4,-4.4,-5.1,-5.5,-4.4,-4.0,-1.0
J6,DWL_M16-21,S11,max,146.384,146.384,140.15,154.166,123.959,122.972,127.979,133.883,137.385,139.458,140.15,146.224,0.0,-4.3,5.3,-15.3,-16.0,-12.6,-8.5,-6.1,-4.7,-4.3,-0.1
J6,DWL_M16-21,S11,mean,-1.792,-1.792,-1.709,-1.903,-1.338,-1.404,-1.527,-1.613,-1.667,-1.699,-1.709,-1.801,-0.0,4.6,-6.2,25.3,21.6,14.7,9.9,7.0,5.2,4.6,-0.5
J6,DWL_M16-21,S11,min,-154.687,-154.687,-148.091,-162.878,-130.359,-129.567,-135.168,-141.429,-145.151,-147.355,-148.091,-154.535,0.0,4.3,-5.3,15.7,16.2,12.6,8.6,6.2,4.7,4.3,0.1
J6,DWL_M16-21,S11,n_values,120,120,120,120,120,120,120,120,120,120,120,120,,,,,,,,,,,
J6,DWL_M16-21,S11,p95,104.853,104.853,100.524,109.377,101.204,100.288,101.289,100.778,100.504,100.375,100.524,104.58,0.0,-4.1,4.3,-3.5,-4.4,-3.4,-3.9,-4.1,-4.3,-4.1,-0.3
J6,DWL_M16-22,MISES,max,546.241,546.241,528.252,542.213,476.984,490.067,507.868,518.125,523.894,527.185,528.252,534.844,0.0,-3.3,-0.7,-12.7,-10.3,-7.0,-5.1,-4.1,-3.5,-3.3,-2.1
J6,DWL_M16-22,MISES,mean,107.071,107.071,103.982,100.866,104.137,103.345,103.004,103.289,103.628,103.888,103.982,103.493,-0.0,-2.9,-5.8,-2.7,-3.5,-3.8,-3.5,-3.2,-3.0,-2.9,-3.3
J6,DWL_M16-22,MISES,min,0.0,0.0,0.0,0.0,0.0,0.0,0.0,0.0,0.0,0.0,0.0,0.0,0.0,-2.9,-8.7,7.2,3.6,-0.6,-2.3,-2.8,-2.9,-2.9,-3.7
J6,DWL_M16-22,MISES,n_values,120,120,120,120,120,120,120,120,120,120,120,120,,,,,,,,,,,
J6,DWL_M16-22,MISES,p95,363.038,363.038,351.226,358.001,319.315,325.979,337.112,344.188,348.237,350.507,351.226,355.164,0.0,-3.3,-1.4,-12.0,-10.2,-7.1,-5.2,-4.1,-3.5,-3.3,-2.2
J6,DWL_M16-22,S11,max,544.031,544.031,526.092,540.341,473.913,487.274,505.426,515.847,521.692,525.016,526.092,532.746,0.0,-3.3,-0.7,-12.9,-10.4,-7.1,-5.2,-4.1,-3.5,-3.3,-2.1
J6,DWL_M16-22,S11,mean,1.818,1.818,1.793,1.888,1.143,1.416,1.699,1.785,1.801,1.796,1.793,1.739,-0.0,-1.4,3.8,-37.1,-22.1,-6.6,-1.8,-1.0,-1.2,-1.4,-4.4
J6,DWL_M16-22,S11,min,-533.873,-533.873,-516.146,-529.914,-466.613,-478.915,-495.937,-505.987,-511.743,-515.063,-516.146,-522.944,0.0,3.3,0.7,12.6,10.3,7.1,5.2,4.1,3.5,3.3,2.0
J6,DWL_M16-22,S11,n_values,120,120,120,120,120,120,120,120,120,120,120,120,,,,,,,,,,,
J6,DWL_M16-22,S11,p95,256.222,256.222,249.366,251.321,271.685,263.723,254.5,250.914,249.698,249.39,249.366,250.072,0.0,-2.7,-1.9,6.0,2.9,-0.7,-2.1,-2.5,-2.7,-2.7,-2.4
J6,DWL_M16-23,MISES,max,422.432,422.432,410.189,406.575,391.562,396.493,403.104,406.833,408.797,409.86,410.189,410.206,0.0,-2.9,-3.8,-7.3,-6.1,-4.6,-3.7,-3.2,-3.0,-2.9,-2.9
J6,DWL_M16-23,MISES,mean,72.385,72.385,70.19,69.716,67.32,67.764,68.68,69.376,69.823,70.098,70.19,70.355,0.0,-3.0,-3.7,-7.0,-6.4,-5.1,-4.2,-3.5,-3.2,-3.0,-2.8
J6,DWL_M16-23,MISES,min,0.0,0.0,0.0,0.0,0.0,0.0,0.0,0.0,0.0,0.0,0.0,0.0,-0.0,-8.1,16.3,-28.9,-31.4,-26.9,-20.0,-14.0,-9.7,-8.1,4.8
J6,DWL_M16-23,MISES,n_values,120,120,120,120,120,120,120,120,120,120,120,120,,,,,,,,,,,
J6,DWL_M16-23,MISES,p95,334.322,334.322,324.498,322.338,308.456,312.22,317.861,321.287,323.159,324.18,324.498,324.928,0.0,-2.9,-3.6,-7.7,-6.6,-4.9,-3.9,-3.3,-3.0,-2.9,-2.8
J6,DWL_M16-23,S11,max,421.809,421.809,409.581,405.986,390.809,395.784,402.45,406.206,408.182,409.25,409.581,409.613,0.0,-2.9,-3.8,-7.3,-6.2,-4.6,-3.7,-3.2,-3.0,-2.9,-2.9
J6,DWL_M16-23,S11,mean,0.127,0.127,0.144,0.051,0.213,0.24,0.227,0.194,0.168,0.15,0.144,0.088,0.0,13.1,-59.7,67.2,88.3,77.7,52.5,31.7,17.8,13.1,-30.8
J6,DWL_M16-23,S11,min,-421.604,-421.604,-409.314,-406.037,-390.227,-395.132,-401.873,-405.755,-407.83,-408.961,-409.314,-409.537,0.0,2.9,3.7,7.4,6.3,4.7,3.8,3.3,3.0,2.9,2.9
J6,DWL_M16-23,S11,n_values,120,120,120,120,120,120,120,120,120,120,120,120,,,,,,,,,,,
J6,DWL_M16-23,S11,p95,259.326,259.326,251.706,249.915,239.584,242.422,246.686,249.272,250.688,251.464,251.706,252.01,0.0,-2.9,-3.6,-7.6,-6.5,-4.9,-3.9,-3.3,-3.0,-2.9,-2.8
J6,DWL_M16-24,MISES,max,637.981,637.981,619.875,611.207,598.308,604.849,612.416,616.399,618.425,619.528,619.875,618.73,0.0,-2.8,-4.2,-6.2,-5.2,-4.0,-3.4,-3.1,-2.9,-2.8,-3.0
J6,DWL_M16-24,MISES,mean,120.096,120.096,117.116,111.98,118.437,118.535,118.122,117.716,117.396,117.188,117.116,115.617,0.0,-2.5,-6.8,-1.4,-1.3,-1.6,-2.0,-2.2,-2.4,-2.5,-3.7
J6,DWL_M16-24,MISES,min,0.0,0.0,0.0,0.0,0.0,0.0,0.0,0.0,0.0,0.0,0.0,0.0,0.0,-1.6,-12.7,9.4,7.7,4.0,1.4,-0.3,-1.3,-1.6,-5.5
J6,DWL_M16-24,MISES,n_values,120,120,120,120,120,120,120,120,120,120,120,120,,,,,,,,,,,
J6,DWL_M16-24,MISES,p95,464.559,464.559,451.23,445.967,433.486,438.414,444.657,448.12,449.932,450.92,451.23,450.82,0.0,-2.9,-4.0,-6.7,-5.6,-4.3,-3.5,-3.1,-2.9,-2.9,-3.0
J6,DWL_M16-24,S11,max,607.718,607.718,590.491,582.325,569.712,576.141,583.476,587.251,589.144,590.169,590.491,589.359,0.0,-2.8,-4.2,-6.3,-5.2,-4.0,-3.4,-3.1,-2.9,-2.8,-3.0
J6,DWL_M16-24,S11,mean,-6.052,-6.052,-5.861,-5.869,-5.538,-5.583,-5.69,-5.771,-5.822,-5.852,-5.861,-5.902,0.0,3.1,3.0,8.5,7.7,6.0,4.6,3.8,3.3,3.1,2.5
J6,DWL_M16-24,S11,min,-635.426,-635.426,-617.362,-609.008,-595.364,-602.001,-609.724,-613.797,-615.875,-617.006,-617.362,-616.319,0.0,2.8,4.2,6.3,5.3,4.0,3.4,3.1,2.9,2.8,3.0
J6,DWL_M16-24,S11,n_values,120,120,120,120,120,120,120,120,120,120,120,120,,,,,,,,,,,
J6,DWL_M16-24,S11,p95,358.33,358.33,348.093,343.595,335.121,338.662,343.219,345.784,347.13,347.864,348.093,347.646,0.0,-2.9,-4.1,-6.5,-5.5,-4.2,-3.5,-3.1,-2.9,-2.9,-3.0
J6,DWL_M16-25,MISES,max,395.889,395.889,386.617,388.22,349.086,358.158,370.73,378.11,382.813,385.657,386.617,389.655,0.0,-2.3,-1.9,-11.8,-9.5,-6.4,-4.5,-3.3,-2.6,-2.3,-1.6
J6,DWL_M16-25,MISES,mean,94.594,94.594,89.231,89.63,82.035,83.658,86.007,87.454,88.422,89.025,89.231,89.96,-0.0,-5.7,-5.2,-13.3,-11.6,-9.1,-7.5,-6.5,-5.9,-5.7,-4.9
J6,DWL_M16-25,MISES,min,0.0,0.0,0.0,0.0,0.0,0.0,0.0,0.0,0.0,0.0,0.0,0.0,-0.0,-5.5,-4.6,-12.8,-11.3,-8.9,-7.4,-6.4,-5.7,-5.5,-4.5
J6,DWL_M16-25,MISES,n_values,120,120,120,120,120,120,120,120,120,120,120,120,,,,,,,,,,,
J6,DWL_M16-25,MISES,p95,282.149,282.149,273.046,273.08,248.857,254.572,262.619,267.348,270.478,272.395,273.046,274.72,0.0,-3.2,-3.2,-11.8,-9.8,-6.9,-5.2,-4.1,-3.5,-3.2,-2.6
J6,DWL_M16-25,S11,max,394.697,394.697,385.446,387.117,347.701,356.818,369.46,376.887,381.619,384.48,385.446,388.525,0.0,-2.3,-1.9,-11.9,-9.6,-6.4,-4.5,-3.3,-2.6,-2.3,-1.6
J6,DWL_M16-25,S11,mean,0.847,0.847,1.116,1.229,0.814,0.905,1.012,1.07,1.097,1.111,1.116,1.166,-0.0,31.8,45.2,-3.9,6.9,19.5,26.5,29.6,31.3,31.8,37.8
J6,DWL_M16-25,S11,min,-388.94,-388.94,-378.919,-380.158,-342.565,-351.276,-363.431,-370.586,-375.187,-377.976,-378.919,-381.792,0.0,2.6,2.3,11.9,9.7,6.6,4.7,3.5,2.8,2.6,1.8
J6,DWL_M16-25,S11,n_values,120,120,120,120,120,120,120,120,120,120,120,120,,,,,,,,,,,
J6,DWL_M16-25,S11,p95,258.661,258.661,245.607,248.025,225.286,229.472,236.072,240.397,243.254,245.008,245.607,248.123,0.0,-5.0,-4.1,-12.9,-11.3,-8.7,-7.1,-6.0,-5.3,-5.0,-4.1
J6,DWL_M16-26,MISES,max,419.297,419.297,403.27,410.058,354.885,367.035,383.299,392.84,398.609,402.091,403.27,408.711,0.0,-3.8,-2.2,-15.4,-12.5,-8.6,-6.3,-4.9,-4.1,-3.8,-2.5
J6,DWL_M16-26,MISES,mean,73.719,73.719,69.781,72.024,60.015,62.111,65.22,67.263,68.61,69.476,69.781,71.504,-0.0,-5.3,-2.3,-18.6,-15.7,-11.5,-8.8,-6.9,-5.8,-5.3,-3.0
J6,DWL_M16-26,MISES,min,0.0,0.0,0.0,0.0,0.0,0.0,0.0,0.0,0.0,0.0,0.0,0.0,0.0,-9.8,-0.4,-34.4,-30.9,-23.8,-18.0,-13.7,-10.9,-9.8,-2.8
J6,DWL_M16-26,MISES,n_values,120,120,120,120,120,120,120,120,120,120,120,120,,,,,,,,,,,
J6,DWL_M16-26,MISES,p95,309.177,309.177,297.147,301.82,262.601,271.248,282.811,289.597,293.751,296.283,297.147,301.117,0.0,-3.9,-2.4,-15.1,-12.3,-8.5,-6.3,-5.0,-4.2,-3.9,-2.6
J6,DWL_M16-26,S11,max,419.063,419.063,403.034,409.857,354.596,366.75,383.026,392.581,398.362,401.852,403.034,408.499,0.0,-3.8,-2.2,-15.4,-12.5,-8.6,-6.3,-4.9,-4.1,-3.8,-2.5
J6,DWL_M16-26,S11,mean,0.479,0.479,0.461,0.532,0.31,0.358,0.413,0.44,0.452,0.459,0.461,0.491,0.0,-3.7,11.0,-35.2,-25.2,-13.9,-8.1,-5.5,-4.1,-3.7,2.5
J6,DWL_M16-26,S11,min,-416.255,-416.255,-400.366,-406.874,-352.686,-364.617,-380.629,-390.039,-395.749,-399.198,-400.366,-405.686,0.0,3.8,2.3,15.3,12.4,8.6,6.3,4.9,4.1,3.8,2.5
J6,DWL_M16-26,S11,n_values,120,120,120,120,120,120,120,120,120,120,120,120,,,,,,,,,,,
J6,DWL_M16-26,S11,p95,237.277,237.277,228.081,231.725,201.56,208.233,217.127,222.327,225.497,227.424,228.081,231.072,0.0,-3.9,-2.3,-15.1,-12.2,-8.5,-6.3,-5.0,-4.2,-3.9,-2.6
J6,DWL_M16-27,MISES,max,495.262,495.262,473.706,487.649,407.575,424.148,446.228,459.329,467.206,472.041,473.706,483.181,0.0,-4.4,-1.5,-17.7,-14.4,-9.9,-7.3,-5.7,-4.7,-4.4,-2.4
J6,DWL_M16-27,MISES,mean,88.831,88.831,87.064,84.376,81.966,84.483,86.821,87.44,87.404,87.184,87.064,85.321,0.0,-2.0,-5.0,-7.7,-4.9,-2.3,-1.6,-1.6,-1.9,-2.0,-4.0
J6,DWL_M16-27,MISES,min,0.0,0.0,0.0,0.0,0.0,0.0,0.0,0.0,0.0,0.0,0.0,0.0,0.0,7.4,-16.3,30.9,31.9,27.6,20.8,14.4,9.3,7.4,-8.9
J6,DWL_M16-27,MISES,n_values,120,120,120,120,120,120,120,120,120,120,120,120,,,,,,,,,,,
J6,DWL_M16-27,MISES,p95,360.302,360.302,344.591,354.599,297.853,309.664,325.247,334.435,339.975,343.402,344.591,351.369,0.0,-4.4,-1.6,-17.3,-14.1,-9.7,-7.2,-5.6,-4.7,-4.4,-2.5
J6,DWL_M16-27,S11,max,494.827,494.827,473.243,487.301,407.018,423.583,445.677,458.806,466.711,471.569,473.243,482.795,0.0,-4.4,-1.5,-17.7,-14.4,-9.9,-7.3,-5.7,-4.7,-4.4,-2.4
J6,DWL_M16-27,S11,mean,0.694,0.694,0.656,0.744,0.438,0.506,0.586,0.626,0.644,0.653,0.656,0.691,-0.0,-5.5,7.2,-37.0,-27.2,-15.6,-9.8,-7.2,-5.9,-5.5,-0.5
J6,DWL_M16-27,S11,min,-491.312,-491.312,-469.941,-483.593,-404.69,-420.975,-442.725,-455.67,-463.481,-468.285,-469.941,-479.309,0.0,4.3,1.6,17.6,14.3,9.9,7.3,5.7,4.7,4.3,2.4
J6,DWL_M16-27,S11,n_values,120,120,120,120,120,120,120,120,120,120,120,120,,,,,,,,,,,
J6,DWL_M16-27,S11,p95,273.388,273.388,261.454,269.273,225.405,234.526,246.57,253.662,257.921,260.546,261.454,266.689,0.0,-4.4,-1.5,-17.6,-14.2,-9.8,-7.2,-5.7,-4.7,-4.4,-2.5
J6,DWL_M16-28,MISES,max,742.553,742.553,705.663,738.799,591.188,620.162,658.2,680.775,694.297,702.716,705.663,725.364,0.0,-5.0,-0.5,-20.4,-16.5,-11.4,-8.3,-6.5,-5.4,-5.0,-2.3
J6,DWL_M16-28,MISES,mean,159.168,159.168,156.929,148.231,146.423,152.024,157.344,158.616,158.217,157.367,156.929,151.343,0.0,-1.4,-6.9,-8.0,-4.5,-1.1,-0.3,-0.6,-1.1,-1.4,-4.9
J6,DWL_M16-28,MISES,min,0.0,0.0,0.0,0.0,0.0,0.0,0.0,0.0,0.0,0.0,0.0,0.0,0.0,2.2,-11.9,5.0,8.1,9.5,7.9,5.5,3.2,2.2,-7.1
J6,DWL_M16-28,MISES,n_values,120,120,120,120,120,120,120,120,120,120,120,120,,,,,,,,,,,
J6,DWL_M16-28,MISES,p95,462.969,462.969,453.973,460.278,458.705,472.343,478.791,472.111,461.612,452.427,453.973,452.219,0.0,-1.9,-0.6,-0.9,2.0,3.4,2.0,-0.3,-2.3,-1.9,-2.3
J6,DWL_M16-28,S11,max,726.427,726.427,689.805,723.816,575.325,603.948,641.867,664.581,678.263,686.808,689.805,710.024,0.0,-5.0,-0.4,-20.8,-16.9,-11.6,-8.5,-6.6,-5.5,-5.0,-2.3
J6,DWL_M16-28,S11,mean,-2.054,-2.054,-1.928,-2.001,-1.948,-1.943,-1.905,-1.889,-1.898,-1.918,-1.928,-2.0,-0.0,6.1,2.6,5.1,5.4,7.3,8.0,7.6,6.6,6.1,2.6
J6,DWL_M16-28,S11,min,-737.318,-737.318,-700.04,-734.576,-584.881,-613.673,-651.704,-674.508,-688.313,-696.986,-700.04,-720.667,0.0,5.1,0.4,20.7,16.8,11.6,8.5,6.6,5.5,5.1,2.3
J6,DWL_M16-28,S11,n_values,120,120,120,120,120,120,120,120,120,120,120,120,,,,,,,,,,,
J6,DWL_M16-28,S11,p95,372.511,372.511,367.362,367.531,371.229,385.927,391.565,386.462,378.35,370.689,367.362,362.765,0.0,-1.4,-1.3,-0.3,3.6,5.1,3.7,1.6,-0.5,-1.4,-2.6
J6,DWL_M16-29,MISES,max,254.549,254.549,241.072,242.444,230.372,233.763,237.515,239.346,240.333,240.89,241.072,242.077,0.0,-5.3,-4.8,-9.5,-8.2,-6.7,-6.0,-5.6,-5.4,-5.3,-4.9
J6,DWL_M16-29,MISES,mean,48.121,48.121,44.94,45.014,43.981,44.35,44.679,44.813,44.885,44.926,44.94,45.019,0.0,-6.6,-6.5,-8.6,-7.8,-7.2,-6.9,-6.7,-6.6,-6.6,-6.4
J6,DWL_M16-29,MISES,min,0.0,0.0,0.0,0.0,0.0,0.0,0.0,0.0,0.0,0.0,0.0,0.0,-0.0,10.3,-13.9,130.9,107.0,66.6,39.7,23.2,13.5,10.3,-6.7
J6,DWL_M16-29,MISES,n_values,120,120,120,120,120,120,120,120,120,120,120,120,,,,,,,,,,,
J6,DWL_M16-29,MISES,p95,207.56,207.56,195.145,196.363,185.75,188.737,192.16,193.786,194.565,195.002,195.145,196.008,0.0,-6.0,-5.4,-10.5,-9.1,-7.4,-6.6,-6.3,-6.1,-6.0,-5.6
J6,DWL_M16-29,S11,max,252.629,252.629,239.106,240.551,228.306,231.731,235.519,237.369,238.362,238.923,239.106,240.141,0.0,-5.4,-4.8,-9.6,-8.3,-6.8,-6.0,-5.6,-5.4,-5.4,-4.9
J6,DWL_M16-29,S11,mean,-0.058,-0.058,0.026,-0.051,0.362,0.298,0.188,0.112,0.065,0.036,0.026,-0.026,-0.0,145.1,12.5,721.6,611.8,422.9,293.4,211.3,161.7,145.1,54.7
J6,DWL_M16-29,S11,min,-252.667,-252.667,-238.809,-240.556,-226.673,-230.351,-234.578,-236.729,-237.913,-238.588,-238.809,-240.051,0.0,5.5,4.8,10.3,8.8,7.2,6.3,5.8,5.6,5.5,5.0
J6,DWL_M16-29,S11,n_values,120,120,120,120,120,120,120,120,120,120,120,120,,,,,,,,,,,
J6,DWL_M16-29,S11,p95,197.86,197.86,185.411,186.971,176.824,179.657,182.671,184.113,184.857,185.274,185.411,186.376,0.0,-6.3,-5.5,-10.6,-9.2,-7.7,-6.9,-6.6,-6.4,-6.3,-5.8
J6,DWL_M16-30,MISES,max,85.722,85.722,78.699,83.875,65.902,69.623,74.114,76.479,77.734,78.455,78.699,81.244,0.0,-8.2,-2.2,-23.1,-18.8,-13.5,-10.8,-9.3,-8.5,-8.2,-5.2
J6,DWL_M16-30,MISES,mean,20.157,20.157,18.934,18.968,20.526,20.399,19.898,19.469,19.173,18.993,18.934,18.808,-0.0,-6.1,-5.9,1.8,1.2,-1.3,-3.4,-4.9,-5.8,-6.1,-6.7
J6,DWL_M16-30,MISES,min,0.0,0.0,0.0,0.0,0.0,0.0,0.0,0.0,0.0,0.0,0.0,0.0,0.0,4.4,-14.9,28.1,36.0,42.4,25.0,13.8,6.8,4.4,-8.9
J6,DWL_M16-30,MISES,n_values,120,120,120,120,120,120,120,120,120,120,120,120,,,,,,,,,,,
J6,DWL_M16-30,MISES,p95,71.708,71.708,65.431,70.058,61.167,57.836,61.108,63.306,64.502,65.197,65.431,67.767,0.0,-8.8,-2.3,-14.7,-19.3,-14.8,-11.7,-10.0,-9.1,-8.8,-5.5
J6,DWL_M16-30,S11,max,85.647,85.647,78.619,83.823,65.719,69.472,73.999,76.383,77.647,78.374,78.619,81.179,0.0,-8.2,-2.1,-23.3,-18.9,-13.6,-10.8,-9.3,-8.5,-8.2,-5.2
J6,DWL_M16-30,S11,mean,0.066,0.066,0.109,0.008,0.442,0.39,0.286,0.207,0.154,0.12,0.109,0.04,-0.0,63.6,-87.3,564.3,486.8,330.9,212.0,131.9,81.1,63.6,-40.5
J6,DWL_M16-30,S11,min,-85.257,-85.257,-78.087,-83.646,-63.862,-67.83,-72.777,-75.472,-76.943,-77.798,-78.087,-80.894,0.0,8.4,1.9,25.1,20.4,14.6,11.5,9.8,8.7,8.4,5.1
J6,DWL_M16-30,S11,n_values,120,120,120,120,120,120,120,120,120,120,120,120,,,,,,,,,,,
J6,DWL_M16-30,S11,p95,65.522,65.522,59.778,64.38,52.33,55.436,56.062,57.979,58.989,59.577,59.778,62.003,0.0,-8.8,-1.7,-20.1,-15.4,-14.4,-11.5,-10.0,-9.1,-8.8,-5.4
J6,DWL_M16-31,MISES,max,78.548,78.548,81.514,67.202,106.246,100.636,92.329,87.199,84.101,82.188,81.514,74.337,0.0,3.8,-14.4,35.3,28.1,17.5,11.0,7.1,4.6,3.8,-5.4
J6,DWL_M16-31,MISES,mean,22.631,22.631,23.5,18.943,34.756,32.505,28.767,26.294,24.758,23.821,23.5,20.94,-0.0,3.8,-16.3,53.6,43.6,27.1,16.2,9.4,5.3,3.8,-7.5
J6,DWL_M16-31,MISES,min,0.0,0.0,0.0,0.0,0.0,0.0,0.0,0.0,0.0,0.0,0.0,0.0,0.0,9.6,-24.2,83.0,72.5,57.3,44.6,25.6,13.7,9.6,-13.7
J6,DWL_M16-31,MISES,n_values,120,120,120,120,120,120,120,120,120,120,120,120,,,,,,,,,,,
J6,DWL_M16-31,MISES,p95,71.04,71.04,73.135,60.652,93.2,88.111,81.352,77.32,75.048,73.637,73.135,67.045,0.0,2.9,-14.6,31.2,24.0,14.5,8.8,5.6,3.7,2.9,-5.6
J6,DWL_M16-31,S11,max,78.191,78.191,81.151,66.58,105.611,100.06,91.844,86.771,83.708,81.817,81.151,73.877,0.0,3.8,-14.9,35.1,28.0,17.5,11.0,7.1,4.6,3.8,-5.5
J6,DWL_M16-31,S11,mean,0.099,0.099,0.175,-0.028,0.61,0.573,0.454,0.341,0.255,0.196,0.175,0.033,-0.0,77.0,-128.8,517.4,480.1,359.3,244.6,158.1,98.6,77.0,-66.9
J6,DWL_M16-31,S11,min,-78.119,-78.119,-80.793,-66.954,-103.377,-98.032,-90.356,-85.757,-83.038,-81.376,-80.793,-74.036,0.0,-3.4,14.3,-32.3,-25.5,-15.7,-9.8,-6.3,-4.2,-3.4,5.2
J6,DWL_M16-31,S11,n_values,120,120,120,120,120,120,120,120,120,120,120,120,,,,,,,,,,,
J6,DWL_M16-31,S11,p95,67.636,67.636,69.914,57.19,90.952,85.323,78.539,74.425,71.965,70.449,69.914,63.568,0.0,3.4,-15.4,34.5,26.2,16.1,10.0,6.4,4.2,3.4,-6.0
J6,DWL_M16-32,MISES,max,399.851,399.851,399.937,355.315,462.515,451.84,431.935,417.84,408.356,402.174,399.937,376.437,0.0,0.0,-11.1,15.7,13.0,8.0,4.5,2.1,0.6,0.0,-5.9
J6,DWL_M16-32,MISES,mean,84.857,84.857,85.294,74.403,105.542,102.294,95.703,90.914,87.838,85.947,85.294,79.33,-0.0,0.5,-12.3,24.4,20.5,12.8,7.1,3.5,1.3,0.5,-6.5
J6,DWL_M16-32,MISES,min,0.0,0.0,0.0,0.0,0.0,0.0,0.0,0.0,0.0,0.0,0.0,0.0,0.0,43.3,-55.4,424.6,367.7,251.3,160.7,98.1,57.5,43.3,-36.8
J6,DWL_M16-32,MISES,n_values,120,120,120,120,120,120,120,120,120,120,120,120,,,,,,,,,,,
J6,DWL_M16-32,MISES,p95,336.394,336.394,336.303,296.886,384.955,377.275,361.831,350.519,342.974,338.075,336.303,316.097,0.0,-0.0,-11.7,14.4,12.2,7.6,4.2,2.0,0.5,-0.0,-6.0
J6,DWL_M16-32,S11,max,391.857,391.857,391.913,348.217,450.68,441.292,422.798,409.183,400.034,394.072,391.913,368.962,0.0,0.0,-11.1,15.0,12.6,7.9,4.4,2.1,0.6,0.0,-5.8
J6,DWL_M16-32,S11,mean,0.289,0.289,0.391,0.117,-0.211,0.078,0.378,0.456,0.446,0.41,0.391,0.188,0.0,35.2,-59.7,-173.0,-73.2,30.7,57.7,54.1,41.8,35.2,-35.0
J6,DWL_M16-32,S11,min,-391.38,-391.38,-391.175,-348.131,-452.557,-442.119,-422.433,-408.417,-399.204,-393.294,-391.175,-368.728,0.0,0.1,11.1,-15.6,-13.0,-7.9,-4.4,-2.0,-0.5,0.1,5.8
J6,DWL_M16-32,S11,n_values,120,120,120,120,120,120,120,120,120,120,120,120,,,,,,,,,,,
J6,DWL_M16-32,S11,p95,313.596,313.596,313.633,277.948,357.196,350.662,337.1,326.857,319.887,315.303,313.633,294.876,0.0,0.0,-11.4,13.9,11.8,7.5,4.2,2.0,0.5,0.0,-6.0
J6,DWL_M16-33,MISES,max,451.283,451.283,444.888,435.333,448.501,449.19,448.327,446.761,445.782,445.123,444.888,440.787,0.0,-1.4,-3.5,-0.6,-0.5,-0.7,-1.0,-1.2,-1.4,-1.4,-2.3
J6,DWL_M16-33,MISES,mean,118.068,118.068,113.682,111.178,115.491,115.454,114.941,114.372,114.01,113.768,113.682,112.547,-0.0,-3.7,-5.8,-2.2,-2.2,-2.6,-3.1,-3.4,-3.6,-3.7,-4.7
J6,DWL_M16-33,MISES,min,0.0,0.0,0.0,0.0,0.0,0.0,0.0,0.0,0.0,0.0,0.0,0.0,-0.0,-3.1,-5.1,-0.4,-0.7,-1.6,-2.3,-2.7,-3.0,-3.1,-4.1
J6,DWL_M16-33,MISES,n_values,120,120,120,120,120,120,120,120,120,120,120,120,,,,,,,,,,,
J6,DWL_M16-33,MISES,p95,370.871,370.871,356.746,349.323,367.508,366.198,362.839,360.095,358.305,357.153,356.746,353.1,0.0,-3.8,-5.8,-0.9,-1.3,-2.2,-2.9,-3.4,-3.7,-3.8,-4.8
J6,DWL_M16-33,S11,max,441.626,441.626,434.845,424.978,439.89,440.06,438.662,436.856,435.788,435.09,434.845,430.627,0.0,-1.5,-3.8,-0.4,-0.4,-0.7,-1.1,-1.3,-1.5,-1.5,-2.5
J6,DWL_M16-33,S11,mean,-1.082,-1.082,-1.26,-1.337,-0.981,-1.093,-1.201,-1.245,-1.257,-1.26,-1.26,-1.282,0.0,-16.4,-23.5,9.4,-1.0,-11.0,-15.1,-16.1,-16.4,-16.4,-18.5
J6,DWL_M16-33,S11,min,-448.071,-448.071,-441.74,-432.108,-445.703,-446.317,-445.342,-443.703,-442.676,-441.985,-441.74,-437.581,0.0,1.4,3.6,0.5,0.4,0.6,1.0,1.2,1.4,1.4,2.3
J6,DWL_M16-33,S11,n_values,120,120,120,120,120,120,120,120,120,120,120,120,,,,,,,,,,,
J6,DWL_M16-33,S11,p95,291.061,291.061,278.515,272.237,287.883,286.695,283.78,281.413,279.867,278.868,278.515,275.382,0.0,-4.3,-6.5,-1.1,-1.5,-2.5,-3.3,-3.8,-4.2,-4.3,-5.4
J6,DWL_M16-34,MISES,max,410.155,410.155,400.017,392.361,401.471,403.757,404.165,402.786,401.429,400.404,400.017,395.923,0.0,-2.5,-4.3,-2.1,-1.6,-1.5,-1.8,-2.1,-2.4,-2.5,-3.5
J6,DWL_M16-34,MISES,mean,81.214,81.214,79.117,75.91,84.234,83.769,82.313,80.989,80.02,79.359,79.117,77.243,-0.0,-2.6,-6.5,3.7,3.1,1.4,-0.3,-1.5,-2.3,-2.6,-4.9
J6,DWL_M16-34,MISES,min,0.0,0.0,0.0,0.0,0.0,0.0,0.0,0.0,0.0,0.0,0.0,0.0,0.0,-1.6,-11.7,24.5,19.7,11.5,5.7,1.8,-0.7,-1.6,-7.7
J6,DWL_M16-34,MISES,n_values,120,120,120,120,120,120,120,120,120,120,120,120,,,,,,,,,,,
J6,DWL_M16-34,MISES,p95,307.417,307.417,299.849,293.311,300.357,302.529,303.041,302.007,300.966,300.159,299.849,296.378,0.0,-2.5,-4.6,-2.3,-1.6,-1.4,-1.8,-2.1,-2.4,-2.5,-3.6
J6,DWL_M16-34,S11,max,408.13,408.13,398.164,390.102,401.47,403.335,402.967,401.214,399.685,398.576,398.164,393.891,0.0,-2.4,-4.4,-1.6,-1.2,-1.3,-1.7,-2.1,-2.3,-2.4,-3.5
J6,DWL_M16-34,S11,mean,-0.389,-0.389,-0.348,-0.465,0.216,0.038,-0.168,-0.269,-0.317,-0.341,-0.348,-0.402,0.0,10.5,-19.6,155.4,109.8,56.9,30.9,18.6,12.4,10.5,-3.2
J6,DWL_M16-34,S11,min,-410.119,-410.119,-399.988,-392.31,-401.216,-403.754,-404.155,-402.769,-401.406,-400.377,-399.988,-395.88,0.0,2.5,4.3,2.2,1.6,1.5,1.8,2.1,2.4,2.5,3.5
J6,DWL_M16-34,S11,n_values,120,120,120,120,120,120,120,120,120,120,120,120,,,,,,,,,,,
J6,DWL_M16-34,S11,p95,232.365,232.365,226.731,221.714,226.613,228.483,229.063,228.337,227.569,226.965,226.731,224.054,0.0,-2.4,-4.6,-2.5,-1.7,-1.4,-1.7,-2.1,-2.3,-2.4,-3.6
J6,DWL_M16-35,MISES,max,515.008,515.008,500.309,494.334,485.851,494.824,501.458,502.378,501.644,500.718,500.309,496.262,0.0,-2.9,-4.0,-5.7,-3.9,-2.6,-2.5,-2.6,-2.8,-2.9,-3.6
J6,DWL_M16-35,MISES,mean,85.413,85.413,81.622,85.526,72.519,73.786,76.304,78.554,80.144,81.225,81.622,84.159,-0.0,-4.4,0.1,-15.1,-13.6,-10.7,-8.0,-6.2,-4.9,-4.4,-1.5
J6,DWL_M16-35,MISES,min,0.0,0.0,0.0,0.0,0.0,0.0,0.0,0.0,0.0,0.0,0.0,0.0,-0.0,-21.6,48.0,-31.4,-55.5,-91.7,-68.2,-44.4,-27.8,-21.6,22.9
J6,DWL_M16-35,MISES,n_values,120,120,120,120,120,120,120,120,120,120,120,120,,,,,,,,,,,
J6,DWL_M16-35,MISES,p95,379.149,379.149,368.526,363.599,351.849,360.885,368.08,369.632,369.411,368.821,368.526,365.125,0.0,-2.8,-4.1,-7.2,-4.8,-2.9,-2.5,-2.6,-2.7,-2.8,-3.7
J6,DWL_M16-35,S11,max,509.413,509.413,495.18,488.123,484.945,492.707,497.85,497.984,496.83,495.667,495.18,490.565,0.0,-2.8,-4.2,-4.8,-3.3,-2.3,-2.2,-2.5,-2.7,-2.8,-3.7
J6,DWL_M16-35,S11,mean,-0.977,-0.977,-0.87,-1.165,0.273,-0.054,-0.457,-0.67,-0.785,-0.849,-0.87,-1.023,0.0,10.9,-19.3,127.9,94.5,53.2,31.4,19.7,13.1,10.9,-4.7
J6,DWL_M16-35,S11,min,-514.671,-514.671,-500.025,-493.911,-485.694,-494.663,-501.27,-502.159,-501.395,-500.444,-500.025,-495.889,0.0,2.8,4.0,5.6,3.9,2.6,2.4,2.6,2.8,2.8,3.6
J6,DWL_M16-35,S11,n_values,120,120,120,120,120,120,120,120,120,120,120,120,,,,,,,,,,,
J6,DWL_M16-35,S11,p95,284.885,284.885,276.814,273.473,264.046,270.744,276.238,277.491,277.4,277.013,276.814,274.491,0.0,-2.8,-4.0,-7.3,-5.0,-3.0,-2.6,-2.6,-2.8,-2.8,-3.6
J6,DWL_M16-36,MISES,max,880.538,880.538,848.688,861.591,751.43,788.088,824.727,839.538,845.471,848.014,848.688,852.791,0.0,-3.6,-2.2,-14.7,-10.5,-6.3,-4.7,-4.0,-3.7,-3.6,-3.2
J6,DWL_M16-36,MISES,mean,173.941,173.941,164.74,175.686,142.552,146.195,152.421,157.362,161.043,163.716,164.74,172.026,0.0,-5.3,1.0,-18.0,-16.0,-12.4,-9.5,-7.4,-5.9,-5.3,-1.1
J6,DWL_M16-36,MISES,min,0.0,0.0,0.0,0.0,0.0,0.0,0.0,0.0,0.0,0.0,0.0,0.0,0.0,-8.3,8.2,-25.2,-25.5,-22.3,-17.6,-13.2,-9.7,-8.3,2.8
J6,DWL_M16-36,MISES,n_values,120,120,120,120,120,120,120,120,120,120,120,120,,,,,,,,,,,
J6,DWL_M16-36,MISES,p95,557.412,557.412,538.667,542.343,464.294,493.107,521.95,533.078,537.075,538.424,538.667,538.41,0.0,-3.4,-2.7,-16.7,-11.5,-6.4,-4.4,-3.6,-3.4,-3.4,-3.4
J6,DWL_M16-36,S11,max,874.941,874.941,843.686,855.263,745.497,782.993,820.194,834.998,840.759,843.104,843.686,846.846,0.0,-3.6,-2.2,-14.8,-10.5,-6.3,-4.6,-3.9,-3.6,-3.6,-3.2
J6,DWL_M16-36,S11,mean,3.361,3.361,3.545,2.518,5.379,5.163,4.609,4.155,3.836,3.623,3.545,2.912,0.0,5.5,-25.1,60.0,53.6,37.1,23.6,14.1,7.8,5.5,-13.4
J6,DWL_M16-36,S11,min,-860.175,-860.175,-828.436,-843.3,-724.574,-762.533,-801.412,-817.707,-824.533,-827.592,-828.436,-833.675,0.0,3.7,2.0,15.8,11.4,6.8,4.9,4.1,3.8,3.7,3.1
J6,DWL_M16-36,S11,n_values,120,120,120,120,120,120,120,120,120,120,120,120,,,,,,,,,,,
J6,DWL_M16-36,S11,p95,437.249,437.249,404.724,442.275,341.015,345.07,364.567,371.92,386.444,399.509,404.724,438.214,0.0,-7.4,1.1,-22.0,-21.1,-16.6,-14.9,-11.6,-8.6,-7.4,0.2
J6,STEELPLATE_CORNER-0-50,MISES,max,538.547,538.547,520.729,526.166,484.708,496.702,509.51,515.558,518.559,520.199,520.729,523.714,0.0,-3.3,-2.3,-10.0,-7.8,-5.4,-4.3,-3.7,-3.4,-3.3,-2.8
J6,STEELPLATE_CORNER-0-50,MISES,mean,112.691,112.691,109.005,110.164,100.824,103.328,106.18,107.634,108.414,108.859,109.005,109.741,0.0,-3.3,-2.2,-10.5,-8.3,-5.8,-4.5,-3.8,-3.4,-3.3,-2.6
J6,STEELPLATE_CORNER-0-50,MISES,min,10.86,10.86,10.204,10.491,8.339,8.909,9.551,9.884,10.062,10.168,10.204,10.46,0.0,-6.0,-3.4,-23.2,-18.0,-12.1,-9.0,-7.3,-6.4,-6.0,-3.7
J6,STEELPLATE_CORNER-0-50,MISES,n_values,3213,3213,3213,3213,3213,3213,3213,3213,3213,3213,3213,3213,,,,,,,,,,,
J6,STEELPLATE_CORNER-0-50,MISES,p95,211.193,211.193,205.074,206.099,190.116,194.154,198.844,202.905,203.496,204.704,205.074,205.829,0.0,-2.9,-2.4,-10.0,-8.1,-5.8,-3.9,-3.6,-3.1,-2.9,-2.5
J6,STEELPLATE_CORNER-0-50,S11,max,400.705,400.705,388.846,390.987,364.042,371.565,380.211,384.615,387.022,388.395,388.846,390.667,0.0,-3.0,-2.4,-9.1,-7.3,-5.1,-4.0,-3.4,-3.1,-3.0,-2.5
J6,STEELPLATE_CORNER-0-50,S11,mean,-1.165,-1.165,-1.379,-0.91,-2.057,-1.992,-1.821,-1.657,-1.521,-1.419,-1.379,-1.07,0.0,-18.3,21.9,-76.5,-70.9,-56.2,-42.2,-30.5,-21.7,-18.3,8.2
J6,STEELPLATE_CORNER-0-50,S11,min,-486.072,-486.072,-470.335,-474.646,-440.123,-449.661,-460.219,-465.483,-468.243,-469.815,-470.335,-473.091,0.0,3.2,2.4,9.5,7.5,5.3,4.2,3.7,3.3,3.2,2.7
J6,STEELPLATE_CORNER-0-50,S11,n_values,3213,3213,3213,3213,3213,3213,3213,3213,3213,3213,3213,3213,,,,,,,,,,,
J6,STEELPLATE_CORNER-0-50,S11,p95,168.361,168.361,162.813,164.811,149.749,153.417,158.074,160.553,161.841,162.569,162.813,164.146,0.0,-3.3,-2.1,-11.1,-8.9,-6.1,-4.6,-3.9,-3.4,-3.3,-2.5
J6,STEELPLATE_INTER-0-51,MISES,max,,,34.209,30.144,38.473,36.91,35.348,34.454,34.277,34.219,34.209,32.716,,,,,,,,,,,
J6,STEELPLATE_INTER-0-51,MISES,mean,,,5.402,4.925,5.7,5.525,5.404,5.35,5.373,5.394,5.402,5.237,,,,,,,,,,,
J6,STEELPLATE_INTER-0-51,MISES,min,,,0.516,0.669,0.558,0.614,0.407,0.415,0.475,0.506,0.516,0.665,,,,,,,,,,,
J6,STEELPLATE_INTER-0-51,MISES,n_values,,,1685,1685,1685,1685,1685,1685,1685,1685,1685,1685,,,,,,,,,,,
J6,STEELPLATE_INTER-0-51,MISES,p95,,,11.714,10.42,12.589,12.127,11.866,11.68,11.688,11.685,11.714,11.24,,,,,,,,,,,
J6,STEELPLATE_INTER-0-51,S11,max,,,4.805,4.462,4.763,4.619,4.53,4.613,4.714,4.781,4.805,4.744,,,,,,,,,,,
J6,STEELPLATE_INTER-0-51,S11,mean,,,-0.024,0.033,-0.158,-0.132,-0.09,-0.061,-0.042,-0.029,-0.024,0.008,,,,,,,,,,,
J6,STEELPLATE_INTER-0-51,S11,min,,,-5.55,-4.951,-6.453,-6.175,-5.857,-5.665,-5.596,-5.561,-5.55,-5.307,,,,,,,,,,,
J6,STEELPLATE_INTER-0-51,S11,n_values,,,1685,1685,1685,1685,1685,1685,1685,1685,1685,1685,,,,,,,,,,,
J6,STEELPLATE_INTER-0-51,S11,p95,,,1.182,1.15,1.113,1.094,1.121,1.134,1.161,1.182,1.182,1.189,,,,,,,,,,,
J6,STEELPLATE_INTER-1-1,MISES,max,7.233,7.233,,,,,,,,,,,0.0,,,,,,,,,,
J6,STEELPLATE_INTER-1-1,MISES,mean,3.284,3.284,,,,,,,,,,,0.0,,,,,,,,,,
J6,STEELPLATE_INTER-1-1,MISES,min,0.451,0.451,,,,,,,,,,,0.0,,,,,,,,,,
J6,STEELPLATE_INTER-1-1,MISES,n_values,925,925,,,,,,,,,,,,,,,,,,,,,
J6,STEELPLATE_INTER-1-1,MISES,p95,5.253,5.253,,,,,,,,,,,0.0,,,,,,,,,,
J6,STEELPLATE_INTER-1-1,S11,max,2.729,2.729,,,,,,,,,,,0.0,,,,,,,,,,
J6,STEELPLATE_INTER-1-1,S11,mean,-0.115,-0.115,,,,,,,,,,,0.0,,,,,,,,,,
J6,STEELPLATE_INTER-1-1,S11,min,-3.316,-3.316,,,,,,,,,,,0.0,,,,,,,,,,
J6,STEELPLATE_INTER-1-1,S11,n_values,925,925,,,,,,,,,,,,,,,,,,,,,
J6,STEELPLATE_INTER-1-1,S11,p95,0.821,0.821,,,,,,,,,,,0.0,,,,,,,,,,
J6,STEELPLATE_INTER-1-52,MISES,max,7.283,7.283,32.253,29.124,37.352,35.689,33.806,32.677,32.306,32.26,32.253,31.125,0.0,342.8,299.9,412.9,390.0,364.2,348.7,343.6,343.0,342.8,327.4
J6,STEELPLATE_INTER-1-52,MISES,mean,3.294,3.294,5.406,4.925,5.704,5.528,5.405,5.351,5.375,5.397,5.406,5.243,0.0,64.1,49.5,73.2,67.8,64.1,62.5,63.2,63.9,64.1,59.2
J6,STEELPLATE_INTER-1-52,MISES,min,0.453,0.453,0.454,0.636,0.49,0.59,0.454,0.391,0.438,0.449,0.454,0.572,0.0,0.3,40.5,8.3,30.4,0.3,-13.7,-3.2,-0.8,0.3,26.4
J6,STEELPLATE_INTER-1-52,MISES,n_values,925,925,1728,1728,1728,1728,1728,1728,1728,1728,1728,1728,,,,,,,,,,,
J6,STEELPLATE_INTER-1-52,MISES,p95,5.259,5.259,11.903,10.717,12.683,12.318,12.059,11.86,11.857,11.882,11.903,11.456,0.0,126.3,103.8,141.2,134.2,129.3,125.5,125.5,125.9,126.3,117.8
J6,STEELPLATE_INTER-1-52,S11,max,2.738,2.738,4.657,4.347,4.842,4.696,4.581,4.526,4.569,4.634,4.657,4.609,0.0,70.1,58.7,76.8,71.5,67.3,65.3,66.8,69.2,70.1,68.3
J6,STEELPLATE_INTER-1-52,S11,mean,-0.115,-0.115,-0.017,0.04,-0.149,-0.124,-0.083,-0.054,-0.034,-0.021,-0.017,0.016,-0.0,85.4,134.5,-28.9,-7.3,28.4,53.2,70.3,81.4,85.4,113.5
J6,STEELPLATE_INTER-1-52,S11,min,-3.32,-3.32,-5.582,-4.98,-6.492,-6.212,-5.891,-5.699,-5.629,-5.593,-5.582,-5.341,0.0,-68.1,-50.0,-95.6,-87.1,-77.5,-71.6,-69.5,-68.5,-68.1,-60.9
J6,STEELPLATE_INTER-1-52,S11,n_values,925,925,1728,1728,1728,1728,1728,1728,1728,1728,1728,1728,,,,,,,,,,,
J6,STEELPLATE_INTER-1-52,S11,p95,0.827,0.827,1.275,1.19,1.283,1.251,1.224,1.241,1.262,1.271,1.275,1.284,0.0,54.1,43.9,55.1,51.2,48.0,50.0,52.5,53.6,54.1,55.2
J6,STEELPLATE_INTER-1-M-1,MISES,max,18.794,18.794,,,,,,,,,,,0.0,,,,,,,,,,
J6,STEELPLATE_INTER-1-M-1,MISES,mean,4.84,4.84,,,,,,,,,,,0.0,,,,,,,,,,
J6,STEELPLATE_INTER-1-M-1,MISES,min,0.367,0.367,,,,,,,,,,,0.0,,,,,,,,,,
J6,STEELPLATE_INTER-1-M-1,MISES,n_values,1028,1028,,,,,,,,,,,,,,,,,,,,,
J6,STEELPLATE_INTER-1-M-1,MISES,p95,9.785,9.785,,,,,,,,,,,0.0,,,,,,,,,,
J6,STEELPLATE_INTER-1-M-1,S11,max,4.362,4.362,,,,,,,,,,,0.0,,,,,,,,,,
J6,STEELPLATE_INTER-1-M-1,S11,mean,0.085,0.085,,,,,,,,,,,-0.0,,,,,,,,,,
J6,STEELPLATE_INTER-1-M-1,S11,min,-6.365,-6.365,,,,,,,,,,,0.0,,,,,,,,,,
J6,STEELPLATE_INTER-1-M-1,S11,n_values,1028,1028,,,,,,,,,,,,,,,,,,,,,
J6,STEELPLATE_INTER-1-M-1,S11,p95,1.368,1.368,,,,,,,,,,,0.0,,,,,,,,,,
J6,STEELPLATE_INTER-1-M-2,MISES,max,18.748,18.748,,,,,,,,,,,0.0,,,,,,,,,,
J6,STEELPLATE_INTER-1-M-2,MISES,mean,4.83,4.83,,,,,,,,,,,-0.0,,,,,,,,,,
J6,STEELPLATE_INTER-1-M-2,MISES,min,0.371,0.371,,,,,,,,,,,0.0,,,,,,,,,,
J6,STEELPLATE_INTER-1-M-2,MISES,n_values,1028,1028,,,,,,,,,,,,,,,,,,,,,
J6,STEELPLATE_INTER-1-M-2,MISES,p95,9.758,9.758,,,,,,,,,,,0.0,,,,,,,,,,
J6,STEELPLATE_INTER-1-M-2,S11,max,4.354,4.354,,,,,,,,,,,0.0,,,,,,,,,,
J6,STEELPLATE_INTER-1-M-2,S11,mean,0.081,0.081,,,,,,,,,,,0.0,,,,,,,,,,
J6,STEELPLATE_INTER-1-M-2,S11,min,-6.353,-6.353,,,,,,,,,,,0.0,,,,,,,,,,
J6,STEELPLATE_INTER-1-M-2,S11,n_values,1028,1028,,,,,,,,,,,,,,,,,,,,,
J6,STEELPLATE_INTER-1-M-2,S11,p95,1.373,1.373,,,,,,,,,,,0.0,,,,,,,,,,
